CustomerID,Gender,Age,Annual Income ($),Spending Score (1-100),Profession,Work Experience,Family Size
1,Male,19,15000.0,39,Healthcare,1,4
2,Male,21,35000.0,81,Engineer,3,3
3,Female,20,86000.0,6,Engineer,1,1
4,Female,23,59000.0,77,Lawyer,0,2
5,Female,31,38000.0,40,Entertainment,2,6
6,Female,22,58000.0,76,Artist,0,2
7,Female,35,31000.0,6,Healthcare,1,3
8,Female,23,84000.0,94,Healthcare,1,3
9,Male,64,97000.0,3,Engineer,0,3
10,Female,30,98000.0,72,Artist,1,4
11,Male,67,7000.0,14,Engineer,1,3
12,Female,35,93000.0,99,Healthcare,4,4
13,Female,58,80000.0,15,Executive,0,5
14,Female,24,91000.0,77,Lawyer,1,1
15,Male,37,19000.0,13,Doctor,0,1
16,Male,22,51000.0,79,Healthcare,1,2
17,Female,35,29000.0,35,Homemaker,9,5
18,Male,20,89000.0,66,Healthcare,1,6
19,Male,52,20000.0,29,Entertainment,1,4
20,Female,35,62000.0,98,Artist,0,1
21,Male,35,96000.0,35,Homemaker,12,1
22,Male,25,4000.0,73,Healthcare,3,4
23,Female,46,42000.0,5,Artist,13,2
24,Male,31,71000.0,73,Artist,5,2
25,Female,54,67000.0,14,Executive,1,3
26,Male,29,52000.0,82,Artist,1,3
27,Female,45,68000.0,32,Healthcare,9,8
28,Male,35,78000.0,61,Artist,1,3
29,Female,40,18000.0,31,Artist,0,1
30,Female,23,20000.0,87,Artist,5,4
31,Male,60,39000.0,4,Artist,0,3
32,Female,21,34000.0,73,Doctor,1,2
33,Male,53,59000.0,4,Healthcare,1,3
34,Male,18,62000.0,92,Homemaker,9,7
35,Female,49,91000.0,14,Lawyer,1,2
36,Female,21,95000.0,81,Healthcare,3,4
37,Female,42,14000.0,17,Doctor,5,1
38,Female,30,62000.0,73,Healthcare,1,5
39,Female,36,9000.0,26,Artist,8,2
40,Female,20,69000.0,75,Artist,8,2
41,Female,65,25000.0,35,Artist,4,1
42,Male,24,85000.0,92,Healthcare,0,2
43,Male,48,22000.0,36,Artist,14,3
44,Female,31,33000.0,61,Artist,1,2
45,Female,49,72000.0,28,Engineer,8,1
46,Female,24,3000.0,65,Lawyer,4,2
47,Female,50,52000.0,55,Artist,0,4
48,Female,27,71000.0,47,Healthcare,12,1
49,Female,29,78000.0,42,Healthcare,0,4
50,Female,31,25000.0,42,Engineer,1,1
51,Female,49,88000.0,52,Artist,1,2
52,Male,33,97000.0,60,Artist,1,2
53,Female,31,74000.0,54,Artist,1,1
54,Male,59,68000.0,60,Entertainment,0,2
55,Female,50,18000.0,45,Marketing,1,1
56,Male,47,95000.0,41,Artist,14,2
57,Female,51,71000.0,50,Healthcare,9,4
58,Male,69,8000.0,46,Doctor,8,2
59,Female,27,57000.0,51,Artist,1,3
60,Male,53,89000.0,46,Lawyer,1,6
61,Male,70,84000.0,56,Artist,0,2
62,Male,19,50000.0,55,Artist,9,2
63,Female,67,50000.0,52,Lawyer,0,3
64,Female,54,48000.0,59,Lawyer,1,2
65,Male,63,63000.0,51,Lawyer,7,2
66,Male,18,9000.0,59,Entertainment,0,2
67,Female,43,3000.0,50,Doctor,0,2
68,Female,68,82000.0,48,Artist,8,4
69,Male,19,81000.0,59,Artist,0,4
70,Female,32,97000.0,47,Homemaker,2,2
71,Male,70,91000.0,55,Healthcare,8,2
72,Female,47,9000.0,42,Entertainment,8,2
73,Female,60,44000.0,49,Artist,0,5
74,Female,60,10000.0,56,Healthcare,8,4
75,Male,59,89000.0,47,Artist,0,4
76,Male,26,49000.0,54,Homemaker,0,3
77,Female,45,67000.0,53,Doctor,0,2
78,Male,40,99000.0,48,Artist,4,3
79,Female,23,97000.0,52,Engineer,2,2
81,Male,57,52000.0,51,Healthcare,0,4
82,Male,38,61000.0,55,Healthcare,6,3
83,Male,67,120000.0,41,Artist,8,1
84,Female,46,34000.0,44,Entertainment,8,4
85,Female,21,24000.0,57,Marketing,1,3
86,Male,48,31000.0,46,Healthcare,7,5
87,Female,55,11000.0,58,Artist,0,3
88,Female,22,55000.0,55,Artist,5,2
89,Female,34,76000.0,60,Entertainment,7,3
90,Female,50,56000.0,46,Doctor,0,2
91,Female,68,46000.0,55,Entertainment,0,3
92,Male,18,36000.0,41,Artist,1,4
93,Male,48,88000.0,49,Artist,1,2
94,Female,40,31000.0,40,Entertainment,1,2
95,Female,32,24000.0,42,Artist,0,1
96,Male,24,80000.0,52,Artist,10,1
97,Female,47,2000.0,47,Artist,0,1
98,Female,27,67000.0,50,Artist,0,2
99,Male,48,58000.0,42,Doctor,1,2
100,Male,20,80000.0,49,Engineer,3,3
101,Female,23,65000.0,41,Artist,0,4
102,Female,49,4000.0,48,Executive,1,7
103,Male,67,98000.0,59,Artist,0,3
104,Male,26,52000.0,55,Executive,0,5
105,Male,49,86000.0,56,Healthcare,10,2
106,Female,21,82000.0,42,Doctor,1,2
107,Female,66,43000.0,50,Homemaker,3,2
108,Male,54,78000.0,46,Lawyer,1,1
109,Male,68,13000.0,43,Healthcare,6,5
110,Male,66,13000.0,48,Healthcare,9,3
111,Male,65,34000.0,52,Entertainment,4,4
112,Female,19,25000.0,54,Artist,0,1
113,Female,38,71000.0,42,Doctor,1,5
114,Male,19,2000.0,46,Artist,1,1
115,Female,18,97000.0,48,Executive,0,3
116,Female,19,51000.0,50,Executive,8,4
117,Female,63,9000.0,43,Lawyer,1,1
118,Female,49,79000.0,59,Artist,0,2
120,Female,50,87000.0,57,Artist,1,2
121,Male,27,36000.0,56,Executive,0,3
122,Female,38,50000.0,40,Executive,1,4
123,Female,40,97000.0,58,Engineer,9,4
124,Male,39,6000.0,91,Healthcare,1,3
125,Female,23,12000.0,29,Entertainment,9,2
126,Female,31,46000.0,77,Marketing,1,2
127,Male,43,89000.0,35,Engineer,0,7
128,Male,40,4000.0,95,Artist,0,2
129,Male,59,38000.0,11,Engineer,0,2
130,Male,38,64000.0,75,Entertainment,8,5
131,Male,47,66000.0,9,Executive,9,5
132,Male,39,26000.0,75,Lawyer,0,2
133,Female,25,41000.0,34,Healthcare,6,4
134,Female,31,45000.0,71,Artist,5,1
135,Male,20,89000.0,5,Engineer,1,2
136,Female,29,92000.0,88,Executive,5,5
137,Female,44,76000.0,7,Artist,5,2
138,Male,32,85000.0,73,Artist,3,4
139,Male,19,22000.0,10,Marketing,8,4
140,Female,35,15000.0,72,Artist,4,4
141,Female,57,32000.0,5,Engineer,0,2
142,Male,32,66000.0,93,Artist,0,5
143,Female,28,62000.0,40,Doctor,5,3
144,Female,32,85000.0,87,Lawyer,1,2
145,Male,25,71000.0,12,Engineer,0,5
146,Male,28,26000.0,97,Marketing,8,5
147,Male,48,52000.0,36,Engineer,9,2
148,Female,32,38000.0,74,Lawyer,1,1
149,Female,34,51000.0,22,Healthcare,7,4
150,Male,34,90000.0,90,Artist,6,3
151,Male,43,30000.0,17,Lawyer,0,9
152,Male,39,41000.0,88,Engineer,0,1
153,Female,44,17000.0,20,Engineer,0,2
154,Female,38,92000.0,76,Artist,2,2
155,Female,47,80000.0,16,Healthcare,0,4
156,Female,27,10000.0,89,Marketing,8,4
157,Male,37,16000.0,1,Executive,1,1
158,Female,30,87000.0,78,Artist,3,4
159,Male,34,66000.0,1,Lawyer,1,2
160,Female,30,86000.0,73,Artist,3,3
161,Female,56,9000.0,35,Artist,1,1
162,Female,29,50000.0,83,Healthcare,1,5
163,Male,19,35000.0,5,Executive,0,5
164,Female,31,58000.0,93,Healthcare,1,5
165,Male,50,47000.0,26,Doctor,0,2
166,Female,36,54000.0,75,Artist,5,3
167,Male,42,79000.0,20,Homemaker,9,3
168,Female,33,83000.0,95,Artist,0,5
169,Female,36,57000.0,27,Artist,0,3
170,Male,32,108776.58,63,Artist,2,2
171,Male,40,69000.0,13,Artist,3,5
172,Male,28,4000.0,75,Executive,0,2
173,Male,36,79000.0,10,Lawyer,0,2
174,Male,36,99000.0,92,Artist,5,2
175,Female,52,20000.0,13,Lawyer,0,2
176,Female,30,28000.0,86,Artist,3,4
177,Male,58,29000.0,15,Engineer,11,1
178,Male,27,45000.0,69,Healthcare,2,6
179,Male,59,86000.0,14,Healthcare,4,3
180,Male,35,42000.0,90,Engineer,8,1
181,Female,37,59000.0,32,Artist,7,2
182,Female,32,61000.0,86,Entertainment,7,5
183,Male,46,11000.0,15,Artist,7,1
184,Female,29,66000.0,88,Artist,4,4
185,Female,41,39000.0,39,Artist,1,1
186,Male,30,72000.0,97,Artist,6,2
187,Female,54,14000.0,24,Lawyer,1,2
188,Male,28,44000.0,68,Doctor,5,3
189,Female,41,76000.0,17,Engineer,8,2
190,Female,36,95000.0,85,Artist,4,2
191,Female,34,92000.0,23,Artist,5,3
192,Female,32,98000.0,69,Artist,8,2
193,Male,33,96000.0,8,Executive,9,2
194,Female,38,45000.0,91,Artist,10,4
195,Female,47,8000.0,16,Artist,7,2
196,Female,35,46000.0,79,Executive,1,3
197,Female,45,78000.0,28,Artist,0,2
198,Male,32,4000.0,74,Artist,1,5
199,Male,32,81000.0,18,Executive,1,2
200,Male,30,33000.0,83,Artist,4,2
201,Female,21,40000.0,10,Healthcare,0,3
202,Male,34,85000.0,16,Healthcare,9,3
204,Female,76,60000.0,39,Healthcare,4,2
205,Female,62,63000.0,59,Entertainment,0,2
206,Female,63,10000.0,52,Healthcare,8,3
207,Female,19,55000.0,61,Healthcare,0,3
208,Male,46,93000.0,12,Artist,2,1
209,Female,48,15000.0,7,Doctor,0,2
210,Female,80,39000.0,33,Engineer,9,4
212,Female,49,22000.0,92,Artist,2,1
213,Male,86,12000.0,70,Marketing,2,4
214,Male,49,50000.0,82,Lawyer,8,1
215,Male,48,95000.0,68,Doctor,2,4
216,Female,46,66000.0,70,Healthcare,3,3
217,Male,79,20000.0,40,Doctor,6,2
218,Female,83,35000.0,99,Doctor,8,2
219,Female,66,71000.0,34,Executive,9,2
221,Female,39,84000.0,33,Artist,5,3
222,Female,95,72000.0,51,Engineer,4,2
223,Male,43,33000.0,55,Artist,4,3
224,Female,93,93000.0,37,Healthcare,1,5
225,Female,40,83000.0,48,Homemaker,4,1
226,Female,78,23000.0,8,Engineer,1,1
227,Female,25,40000.0,77,Artist,5,4
228,Male,76,89000.0,86,Healthcare,9,4
229,Male,46,33000.0,64,Marketing,1,1
232,Male,84,7000.0,28,Healthcare,0,4
233,Female,67,18000.0,88,Lawyer,0,2
234,Female,78,3000.0,14,Healthcare,0,4
236,Female,29,62000.0,34,Healthcare,0,4
237,Male,91,9000.0,96,Healthcare,1,5
239,Male,55,37000.0,74,Lawyer,1,4
241,Male,92,83000.0,16,Executive,1,5
242,Female,65,79000.0,17,Artist,0,3
243,Female,84,40000.0,14,Healthcare,1,4
244,Female,77,47000.0,58,Artist,0,6
245,Female,53,4000.0,20,Artist,0,4
246,Female,28,38000.0,75,Entertainment,7,2
247,Male,23,111573.21,96,Doctor,1,3
248,Female,32,7000.0,16,Artist,1,2
249,Female,37,41000.0,2,Artist,1,2
250,Female,89,65000.0,0,Engineer,0,5
251,Male,80,20000.0,93,Engineer,1,3
252,Female,27,44000.0,65,Doctor,8,1
253,Female,78,3000.0,14,Artist,5,4
254,Female,86,72000.0,13,Lawyer,7,3
255,Female,46,27000.0,32,Engineer,4,4
256,Male,59,85000.0,49,Lawyer,4,2
258,Male,79,73000.0,96,Homemaker,6,7
259,Female,79,64000.0,64,Artist,2,3
260,Male,26,26000.0,60,Executive,6,4
261,Female,63,47000.0,16,Artist,2,3
262,Female,52,35000.0,85,Doctor,2,6
263,Female,32,31000.0,24,Lawyer,2,3
264,Female,64,13000.0,38,Engineer,3,4
265,Female,37,79000.0,10,Homemaker,1,7
267,Female,40,28000.0,68,Artist,1,1
268,Female,78,36000.0,79,Artist,0,3
269,Female,34,8000.0,76,Entertainment,6,6
270,Female,52,88000.0,39,Artist,1,2
271,Male,94,91000.0,36,Entertainment,0,4
273,Female,96,1000.0,76,Entertainment,0,3
274,Female,18,143000.0,99,Artist,0,2
275,Female,37,18000.0,57,Artist,1,2
276,Male,78,65000.0,89,Lawyer,1,2
278,Male,93,95000.0,21,Artist,1,1
279,Female,74,78000.0,12,Engineer,9,3
280,Male,68,48000.0,73,Healthcare,3,3
281,Female,32,63000.0,87,Executive,1,4
282,Female,43,85000.0,63,Marketing,1,2
283,Female,52,43000.0,58,Artist,1,3
284,Female,63,74000.0,20,Artist,1,2
285,Female,33,67000.0,11,Healthcare,0,1
286,Male,86,59000.0,40,Artist,0,1
287,Female,85,140000.0,84,Entertainment,1,1
288,Female,73,31000.0,47,Healthcare,1,2
289,Female,21,5000.0,91,Marketing,0,1
290,Female,93,19000.0,58,Engineer,1,3
294,Female,48,50000.0,36,Engineer,6,4
295,Female,73,80000.0,73,Entertainment,2,2
296,Female,66,69000.0,43,Executive,9,3
297,Female,79,31000.0,91,Engineer,3,3
298,Male,62,87000.0,41,Doctor,6,2
300,Male,32,32000.0,86,Entertainment,5,2
301,Male,85,153787.0,100,Entertainment,3,3
302,Male,31,95851.0,16,Healthcare,5,2
303,Female,31,145015.0,73,Healthcare,6,3
304,Female,38,148539.0,7,Healthcare,5,2
305,Female,90,117319.0,21,Lawyer,1,2
306,Female,65,180243.0,26,Marketing,6,2
307,Female,63,165052.0,12,Artist,4,2
308,Female,61,120487.0,14,Doctor,0,2
309,Male,26,112766.0,83,Engineer,8,4
311,Male,56,97562.0,15,Executive,5,6
313,Female,24,118302.0,100,Lawyer,5,1
316,Male,72,93921.0,93,Lawyer,9,2
317,Female,54,132046.0,8,Homemaker,4,4
318,Male,45,183217.0,91,Artist,7,2
319,Male,66,182937.0,44,Marketing,8,1
320,Female,27,68272.0,56,Healthcare,8,4
321,Male,36,69841.0,21,Engineer,10,2
323,Female,89,110667.0,100,Healthcare,2,4
325,Female,91,102861.0,40,Artist,4,1
327,Female,63,64589.0,90,Engineer,7,1
328,Male,52,152755.0,39,Engineer,4,2
329,Female,37,92313.0,58,Healthcare,1,5
330,Female,78,98922.0,2,Artist,2,3
331,Male,24,165846.0,33,Engineer,0,4
333,Male,84,137641.0,67,Healthcare,0,5
334,Male,49,173743.0,96,Artist,0,4
335,Female,67,116126.0,58,Entertainment,10,2
336,Female,32,112246.0,30,Healthcare,8,3
337,Female,39,69384.0,75,Healthcare,1,5
338,Female,68,76529.0,62,Healthcare,0,2
340,Female,76,68292.0,55,Artist,8,2
341,Female,84,173185.0,99,Artist,3,1
342,Male,75,142034.0,82,Entertainment,1,4
343,Male,22,107941.0,61,Artist,0,1
344,Female,90,149840.0,61,Engineer,1,1
346,Female,78,126599.0,84,Lawyer,0,3
347,Female,58,57180.0,22,Healthcare,9,1
348,Female,99,184426.0,41,Artist,9,1
349,Female,24,151085.0,39,Marketing,2,5
350,Female,88,166107.0,98,Artist,13,4
351,Female,92,67850.0,91,Artist,9,4
352,Male,99,173394.0,4,Engineer,13,1
353,Female,51,72303.0,98,Lawyer,7,1
354,Male,23,181760.0,35,Healthcare,14,3
356,Male,22,172923.0,20,Engineer,6,1
357,Female,89,115811.0,87,Homemaker,11,4
358,Male,20,184324.0,51,Marketing,13,5
359,Female,72,67353.0,19,Lawyer,9,3
361,Male,90,164914.0,18,Artist,8,3
362,Male,99,63364.0,61,Entertainment,1,2
363,Female,39,182352.0,73,Engineer,4,3
364,Female,37,148544.0,56,Entertainment,1,2
365,Male,46,62833.0,85,Artist,1,2
366,Male,65,120627.0,72,Healthcare,0,2
367,Female,60,130898.0,30,Artist,1,1
368,Female,93,103130.0,74,Executive,12,3
369,Male,72,106681.0,15,Healthcare,9,5
370,Female,36,87353.0,25,Entertainment,1,5
371,Male,52,88046.0,61,Artist,8,1
372,Female,72,98168.0,49,Entertainment,1,2
373,Female,28,178265.0,5,Lawyer,2,1
374,Female,48,167232.0,92,Doctor,6,4
375,Male,85,140478.0,43,Doctor,6,4
376,Male,22,159296.0,83,Artist,8,1
377,Female,30,144043.0,78,Doctor,1,1
378,Male,46,72594.0,64,Artist,1,2
379,Female,82,180288.0,77,Artist,2,2
380,Female,73,165734.0,51,Entertainment,0,1
382,Male,90,70201.0,8,Engineer,0,2
383,Male,34,91503.0,26,Artist,0,6
385,Female,79,143560.0,83,Artist,1,3
386,Male,83,131574.0,97,Artist,1,2
387,Female,20,151124.0,18,Artist,15,3
388,Female,25,67447.0,5,Artist,15,2
389,Female,26,117454.0,8,Healthcare,16,2
390,Female,18,86203.0,23,Doctor,13,1
393,Male,21,119116.0,30,Artist,17,4
394,Female,86,163463.0,31,Artist,9,4
395,Female,75,151696.0,82,Artist,15,1
396,Male,78,184736.0,52,Lawyer,13,1
397,Female,87,70419.0,69,Homemaker,6,4
399,Male,59,130950.0,28,Executive,5,3
401,Female,55,82285.0,35,Engineer,16,1
402,Female,50,91389.0,92,Healthcare,11,7
403,Male,54,186359.0,95,Doctor,13,2
405,Male,79,166335.0,45,Engineer,5,5
406,Female,65,119889.0,11,Artist,17,6
407,Female,51,66852.0,73,Executive,15,3
408,Male,18,103896.0,36,Executive,16,4
409,Male,21,187761.0,87,Healthcare,2,3
410,Male,37,102717.0,93,Healthcare,7,4
411,Male,83,102647.0,83,Entertainment,0,2
412,Female,96,113585.0,31,Lawyer,0,4
413,Female,65,86509.0,88,Artist,0,4
414,Male,80,59099.0,44,Marketing,1,7
415,Female,75,135088.0,5,Lawyer,1,5
416,Female,87,110870.0,78,Engineer,1,4
417,Female,86,187667.0,12,Artist,0,1
418,Female,36,124614.0,25,Artist,8,5
419,Female,78,166492.0,40,Homemaker,9,7
420,Female,62,172758.0,69,Entertainment,1,2
421,Male,89,122430.0,19,Healthcare,1,1
422,Female,56,183540.0,96,Entertainment,0,6
423,Female,35,96484.0,34,Artist,5,4
424,Male,33,112587.0,71,Artist,1,4
425,Female,58,155672.0,71,Entertainment,7,7
426,Female,68,72847.0,93,Artist,1,2
427,Male,38,71897.0,32,Entertainment,2,3
428,Male,31,158479.0,57,Doctor,1,5
429,Male,90,89251.0,4,Entertainment,1,1
430,Male,28,179911.0,24,Engineer,1,1
432,Male,78,127615.0,78,Executive,10,7
433,Female,23,50076.0,32,Artist,3,5
434,Female,25,77779.0,62,Artist,4,1
435,Male,59,169999.0,38,Engineer,5,5
437,Female,24,78223.0,41,Lawyer,0,1
439,Male,37,153399.0,93,Entertainment,1,6
443,Female,95,66322.0,88,Artist,0,3
444,Female,48,68761.0,16,Lawyer,1,4
446,Male,54,65874.0,87,Artist,7,6
447,Male,89,115996.0,24,Engineer,15,1
448,Female,58,67097.0,91,Engineer,6,1
452,Male,74,128266.0,55,Engineer,7,4
453,Female,64,156777.0,20,Healthcare,7,2
454,Female,48,123234.0,50,Lawyer,10,7
458,Female,21,153885.0,86,Artist,6,6
459,Male,84,53500.0,44,Marketing,3,4
461,Female,47,124072.0,56,Lawyer,0,7
462,Female,96,135800.0,29,Healthcare,0,7
463,Male,93,120597.0,96,Artist,2,4
465,Male,56,53231.0,41,Marketing,0,5
466,Female,76,156330.0,31,Engineer,1,2
467,Male,47,186002.0,80,Doctor,15,2
468,Female,70,111760.0,53,Executive,12,5
469,Female,47,143906.0,12,Artist,4,3
471,Male,86,98463.0,46,Homemaker,10,5
472,Male,91,93762.0,28,Artist,15,7
473,Male,97,104582.0,50,Healthcare,8,2
474,Male,20,130813.0,92,Artist,17,5
476,Female,28,79968.0,45,Lawyer,9,2
477,Male,32,104824.0,42,Artist,0,7
478,Male,82,188719.0,30,Lawyer,0,6
479,Male,39,187536.0,66,Healthcare,3,6
482,Female,34,154888.0,43,Healthcare,9,6
483,Male,76,155622.0,81,Healthcare,0,2
484,Female,30,62330.0,60,Healthcare,1,1
485,Female,69,112838.0,34,Healthcare,1,7
486,Male,22,58283.0,59,Homemaker,2,4
487,Female,60,77857.0,81,Artist,1,6
488,Male,66,125024.0,25,Artist,0,1
489,Female,57,136242.0,34,Artist,9,1
490,Female,60,81934.0,81,Healthcare,1,4
491,Female,59,130511.0,97,Artist,3,4
492,Female,54,144502.0,88,Lawyer,3,1
493,Male,90,63769.0,6,Artist,4,2
495,Female,34,135115.0,54,Entertainment,1,7
496,Female,85,179877.0,17,Healthcare,12,4
497,Female,83,93351.0,65,Doctor,1,1
500,Male,41,65723.0,91,Artist,6,7
501,Female,38,96794.0,96,Healthcare,6,3
502,Male,68,72352.0,61,Healthcare,8,5
506,Female,20,111896.0,90,Executive,1,3
508,Male,36,88565.0,16,Healthcare,1,5
509,Female,70,104974.0,63,Artist,1,1
511,Female,31,69018.0,17,Artist,6,1
512,Female,48,174109.0,96,Entertainment,0,1
513,Male,28,62186.0,29,Marketing,0,1
514,Male,97,183783.0,70,Healthcare,9,3
515,Male,81,83771.0,1,Artist,1,2
516,Female,37,148196.0,91,Artist,0,2
517,Male,85,131742.0,87,Entertainment,1,1
518,Female,78,59971.0,94,Homemaker,14,7
520,Female,53,140107.0,38,Healthcare,1,5
521,Female,41,161896.0,49,Entertainment,1,3
523,Male,20,119952.0,2,Healthcare,8,2
524,Female,98,167197.0,63,Doctor,1,5
525,Female,44,186116.0,2,Healthcare,8,6
526,Female,66,134677.0,59,Healthcare,15,5
527,Female,58,180479.0,74,Healthcare,0,3
528,Male,97,112783.0,21,Artist,9,6
530,Male,48,115832.0,92,Artist,2,2
531,Female,47,104834.0,44,Artist,0,7
532,Male,93,152571.0,66,Doctor,14,5
534,Female,68,171761.0,59,Doctor,1,6
535,Female,87,77709.0,73,Artist,0,1
536,Female,22,95053.0,17,Entertainment,1,2
537,Male,89,74820.0,33,Doctor,1,2
538,Male,57,152267.0,92,Engineer,9,5
539,Male,91,71925.0,14,Artist,4,2
540,Female,84,151340.0,95,Artist,1,7
541,Male,56,162921.0,51,Executive,0,4
542,Female,26,52234.0,30,Executive,1,2
543,Female,56,100271.0,87,Artist,1,5
545,Female,33,88763.0,1,Entertainment,1,1
547,Male,99,164781.0,83,Engineer,0,2
548,Female,25,156016.0,85,Artist,2,1
549,Female,96,186882.0,40,Entertainment,1,7
550,Female,35,99300.0,88,Homemaker,5,2
552,Female,81,89211.0,12,Doctor,1,7
554,Female,31,139592.0,62,Marketing,1,1
556,Male,89,57033.0,99,Artist,0,4
557,Male,84,117612.0,63,Engineer,0,6
558,Male,40,185321.0,96,Artist,0,7
560,Male,49,151298.0,89,Artist,0,6
561,Female,69,123925.0,52,Artist,1,7
563,Female,51,142892.0,25,Entertainment,8,1
564,Female,34,58979.0,3,Entertainment,9,5
565,Female,51,141416.0,100,Healthcare,15,1
566,Male,54,104854.0,67,Healthcare,1,7
567,Female,19,180331.0,14,Artist,17,5
568,Female,99,172896.0,13,Engineer,0,3
570,Female,91,189974.0,37,Engineer,8,1
571,Male,65,90084.0,65,Artist,1,6
572,Female,47,112247.0,24,Executive,4,5
573,Female,91,181775.0,61,Artist,4,5
574,Female,64,59088.0,31,Artist,1,3
575,Female,91,60856.0,23,Artist,1,6
576,Male,32,149900.0,34,Artist,6,3
578,Male,22,162598.0,84,Artist,8,3
579,Female,37,146195.0,89,Healthcare,4,4
580,Male,83,135268.0,53,Lawyer,4,5
581,Female,89,136037.0,1,Marketing,5,1
582,Female,33,111191.0,67,Artist,9,4
584,Female,71,177359.0,56,Doctor,6,2
586,Male,49,53509.0,98,Artist,5,4
588,Female,53,86766.0,2,Lawyer,16,3
589,Female,63,52661.0,25,Healthcare,12,5
590,Female,46,148520.0,14,Healthcare,11,5
591,Male,42,149936.0,52,Artist,15,3
592,Female,73,102296.0,31,Entertainment,7,5
593,Male,75,178416.0,16,Executive,10,7
594,Female,49,83788.0,41,Doctor,15,1
595,Female,96,184771.0,77,Engineer,8,5
596,Female,52,70302.0,88,Executive,14,3
598,Male,91,97879.0,40,Entertainment,15,7
599,Male,22,64707.0,29,Entertainment,7,3
600,Male,62,71795.0,87,Healthcare,8,1
601,Male,41,76567.0,85,Doctor,16,1
603,Female,71,154007.0,32,Artist,7,7
604,Female,91,69720.0,78,Lawyer,17,6
605,Female,94,85265.0,68,Executive,7,6
608,Female,96,145457.0,57,Executive,2,1
610,Female,23,73759.0,83,Doctor,0,7
611,Male,94,90082.0,17,Artist,5,7
613,Female,74,101352.0,36,Lawyer,0,5
614,Female,52,93947.0,81,Healthcare,9,2
615,Male,39,134629.0,23,Engineer,1,6
616,Male,72,101858.0,70,Healthcare,8,6
617,Female,55,165501.0,47,Artist,10,4
618,Male,29,135931.0,74,Lawyer,5,1
619,Male,38,103356.0,20,Marketing,1,6
620,Female,44,75195.0,79,Artist,1,3
621,Male,58,123083.0,44,Entertainment,6,5
622,Male,77,73884.0,30,Healthcare,1,2
623,Female,56,91180.0,61,Entertainment,1,7
624,Male,79,86235.0,52,Artist,0,2
625,Female,97,96400.0,4,Doctor,1,7
626,Male,78,83599.0,12,Healthcare,1,6
627,Female,91,82535.0,50,Healthcare,0,1
628,Male,35,92227.0,8,Lawyer,0,5
629,Female,43,150444.0,27,Artist,13,4
630,Female,37,149095.0,83,Lawyer,1,2
631,Male,63,113605.0,42,Artist,3,3
633,Male,32,118280.0,92,Artist,0,5
634,Male,91,94576.0,90,Artist,0,1
635,Female,33,129257.0,70,Executive,6,3
636,Female,57,70373.0,10,Healthcare,2,6
637,Female,43,77600.0,66,Healthcare,0,1
638,Female,26,113707.0,97,Entertainment,0,5
639,Female,59,189672.0,8,Doctor,0,7
640,Female,61,143180.0,58,Artist,0,5
641,Female,59,174890.0,14,Marketing,3,4
643,Male,26,154857.0,13,Healthcare,0,7
644,Female,67,160945.0,51,Healthcare,0,5
645,Female,85,119557.0,35,Artist,0,2
646,Female,76,187141.0,33,Doctor,0,7
647,Female,57,97468.0,22,Artist,0,1
648,Female,77,160351.0,77,Lawyer,8,5
649,Female,66,178627.0,94,Healthcare,1,2
650,Female,49,170188.0,80,Lawyer,1,6
651,Female,36,166007.0,40,Doctor,1,4
652,Male,74,91794.0,83,Entertainment,0,7
654,Male,27,152717.0,15,Executive,1,6
656,Male,31,134263.0,94,Marketing,1,3
657,Female,30,148236.0,28,Executive,1,1
658,Male,94,171677.0,81,Artist,0,6
659,Female,31,189446.0,38,Artist,1,6
660,Male,49,106633.0,53,Artist,0,3
661,Male,49,81084.0,48,Executive,6,5
662,Male,53,148759.0,52,Doctor,7,7
664,Female,91,159537.0,37,Doctor,4,1
665,Male,26,79526.0,6,Marketing,9,7
667,Female,92,109519.0,72,Entertainment,1,4
668,Female,59,156880.0,70,Artist,0,7
670,Female,23,144916.0,84,Engineer,1,7
671,Male,54,59163.0,100,Marketing,3,3
672,Female,93,93991.0,49,Artist,1,3
673,Female,65,58318.0,45,Doctor,1,1
675,Male,71,84622.0,45,Doctor,0,6
677,Female,57,87553.0,94,Artist,1,1
679,Female,77,180831.0,33,Healthcare,1,2
680,Female,89,137397.0,33,Doctor,1,7
682,Male,86,172477.0,69,Entertainment,1,3
683,Male,42,59954.0,37,Executive,4,4
684,Female,29,112240.0,95,Entertainment,0,4
685,Female,54,145679.0,35,Artist,0,2
686,Male,96,136265.0,49,Artist,12,5
687,Female,58,74869.0,12,Healthcare,0,3
688,Female,52,109425.0,46,Engineer,0,1
692,Male,89,113834.0,22,Doctor,0,3
693,Male,83,132005.0,2,Entertainment,0,5
694,Female,80,171323.0,78,Lawyer,10,4
695,Female,74,92355.0,87,Entertainment,1,4
696,Male,42,60982.0,3,Healthcare,0,5
697,Female,91,51742.0,33,Artist,8,3
698,Female,31,138612.0,71,Executive,9,2
700,Male,64,164675.0,65,Executive,0,5
701,Female,41,172882.0,27,Healthcare,8,7
702,Female,62,70119.0,93,Artist,0,1
703,Male,41,113998.0,26,Healthcare,7,7
706,Female,38,130597.0,2,Artist,6,1
707,Female,88,121597.0,7,Engineer,0,5
708,Male,56,103210.0,100,Artist,6,6
709,Male,47,66308.0,8,Executive,0,4
711,Male,82,153632.0,76,Entertainment,9,7
712,Female,31,65520.0,71,Lawyer,1,2
713,Female,69,153217.0,83,Healthcare,1,6
714,Male,62,92768.0,75,Doctor,1,1
715,Female,54,132345.0,10,Artist,0,2
716,Female,60,186069.0,49,Marketing,1,2
717,Female,31,53802.0,32,Artist,1,7
720,Female,37,145648.0,21,Healthcare,7,6
721,Male,36,85737.0,37,Executive,0,3
722,Female,27,99950.0,20,Entertainment,0,4
724,Male,83,73410.0,50,Entertainment,8,5
725,Female,71,64310.0,43,Marketing,2,1
726,Female,20,59844.0,79,Doctor,0,1
728,Male,52,172841.0,4,Engineer,0,1
729,Male,75,145528.0,61,Healthcare,1,2
730,Male,36,173807.0,42,Artist,0,2
731,Male,60,185794.0,69,Entertainment,7,1
734,Female,41,118122.0,52,Entertainment,0,6
735,Male,38,99964.0,11,Healthcare,7,4
736,Female,69,120752.0,27,Executive,1,6
737,Female,33,189630.0,53,Executive,5,5
738,Male,64,125510.0,6,Healthcare,3,3
739,Male,19,101799.0,49,Engineer,1,1
740,Female,88,92914.0,74,Artist,0,3
741,Female,91,162465.0,59,Engineer,9,3
742,Male,84,163818.0,27,Engineer,2,1
743,Female,43,53832.0,56,Entertainment,4,1
744,Female,30,140190.0,49,Engineer,1,4
746,Male,89,100938.0,27,Entertainment,0,7
748,Female,54,176885.0,10,Entertainment,0,3
749,Female,41,111174.0,28,Artist,4,5
750,Male,80,127335.0,97,Artist,6,6
751,Male,37,149103.0,3,Healthcare,10,1
752,Male,87,167705.0,31,Healthcare,0,7
753,Female,50,183548.0,85,Entertainment,1,4
756,Female,98,87878.0,55,Artist,1,6
758,Female,83,118110.0,26,Engineer,1,5
760,Female,46,62628.0,64,Entertainment,8,6
761,Female,25,51700.0,17,Healthcare,4,6
763,Male,64,93000.0,67,Lawyer,0,2
764,Female,84,144148.0,71,Doctor,1,4
766,Female,56,171560.0,78,Engineer,0,2
767,Male,58,156366.0,60,Entertainment,8,1
768,Female,46,143910.0,22,Marketing,1,7
769,Female,25,106569.0,84,Engineer,1,3
770,Male,28,173009.0,25,Healthcare,9,6
771,Male,78,54252.0,29,Engineer,0,5
772,Male,56,104600.0,57,Entertainment,6,3
773,Male,91,50250.0,54,Artist,0,2
774,Male,77,93242.0,84,Entertainment,0,7
775,Female,83,156839.0,38,Artist,3,7
776,Female,64,71305.0,39,Artist,9,2
777,Male,19,85975.0,73,Entertainment,0,6
778,Male,94,188107.0,52,Engineer,10,2
779,Male,19,82333.0,35,Marketing,1,2
780,Male,84,125016.0,25,Entertainment,1,7
782,Female,19,58217.0,70,Artist,0,1
783,Male,74,76521.0,29,Engineer,7,4
784,Female,95,117763.0,42,Artist,1,2
785,Female,34,115184.0,93,Homemaker,1,4
786,Male,30,54251.0,7,Artist,2,6
787,Female,53,112530.0,24,Entertainment,2,6
788,Male,67,107409.0,2,Artist,1,6
789,Female,23,84793.0,23,Homemaker,9,6
790,Female,25,66952.0,79,Entertainment,1,2
791,Female,84,153465.0,11,Lawyer,1,4
793,Male,70,152069.0,42,Entertainment,4,4
794,Female,56,132860.0,17,Healthcare,7,2
795,Female,48,147719.0,86,Lawyer,1,7
796,Female,91,172915.0,29,Doctor,9,1
797,Female,81,148594.0,29,Entertainment,3,5
798,Male,33,61986.0,77,Executive,0,1
799,Male,75,91456.0,13,Artist,1,4
801,Female,61,140516.0,50,Artist,0,3
803,Female,62,133822.0,78,Marketing,0,4
804,Female,44,175424.0,32,Artist,4,5
805,Female,67,121528.0,92,Healthcare,8,4
806,Female,30,189369.0,69,Healthcare,0,3
807,Female,92,80808.0,26,Artist,1,1
808,Male,25,57535.0,84,Entertainment,1,7
809,Female,61,163509.0,51,Healthcare,0,4
810,Female,72,75884.0,57,Executive,0,7
811,Female,89,157759.0,52,Artist,1,6
812,Female,37,184813.0,44,Executive,0,2
813,Male,59,187253.0,51,Executive,8,7
814,Male,41,81718.0,36,Entertainment,1,3
815,Male,60,150019.0,37,Doctor,1,2
816,Female,81,53452.0,73,Entertainment,1,6
817,Male,85,150765.0,42,Homemaker,8,2
819,Female,65,56647.0,12,Doctor,6,4
820,Female,19,117477.0,48,Healthcare,6,7
821,Female,78,79677.0,9,Artist,10,7
822,Female,46,116759.0,28,Marketing,7,3
823,Male,26,180702.0,21,Entertainment,6,1
825,Female,60,169346.0,55,Healthcare,7,2
826,Female,67,93176.0,25,Artist,4,1
829,Male,28,81545.0,36,Artist,4,7
830,Male,67,67372.0,75,Artist,0,7
831,Female,30,109703.0,61,Executive,1,1
832,Male,38,166697.0,39,Marketing,13,4
833,Female,40,124982.0,34,Engineer,1,7
836,Female,51,117620.0,60,Healthcare,7,6
837,Male,63,85351.0,57,Healthcare,0,2
838,Male,65,174432.0,8,Artist,0,7
839,Male,44,70787.0,68,Doctor,1,3
840,Female,90,75473.0,63,Healthcare,0,7
841,Male,76,90082.0,49,Healthcare,1,6
842,Female,62,185388.0,54,Healthcare,0,2
844,Female,67,184628.0,38,Artist,12,2
845,Female,38,176551.0,45,Healthcare,8,1
846,Female,31,76422.0,21,Healthcare,9,7
848,Female,82,109188.0,38,Lawyer,5,7
849,Female,66,132951.0,26,Healthcare,4,1
850,Female,75,164598.0,32,Healthcare,8,1
852,Female,62,111859.0,86,Healthcare,6,1
853,Female,48,121926.0,41,Lawyer,7,1
855,Female,22,131748.0,23,Artist,1,3
856,Male,76,142801.0,23,Lawyer,0,1
857,Male,85,142723.0,46,Engineer,0,6
858,Male,21,155151.0,16,Marketing,14,3
859,Female,64,153607.0,48,Healthcare,1,4
860,Male,94,144192.0,34,Healthcare,0,3
861,Female,83,174159.0,22,Lawyer,4,4
862,Female,93,73642.0,50,Marketing,0,3
864,Female,55,141351.0,10,Engineer,0,2
865,Female,79,167411.0,9,Marketing,12,5
866,Male,90,58289.0,49,Artist,5,6
867,Female,45,79801.0,77,Doctor,0,2
868,Female,82,146118.0,52,Marketing,8,7
869,Female,57,57337.0,14,Healthcare,1,4
870,Female,43,113575.0,6,Entertainment,1,2
871,Male,63,122658.0,65,Engineer,6,2
872,Female,62,151836.0,13,Artist,0,6
873,Female,43,185900.0,80,Homemaker,9,4
874,Female,34,94029.0,98,Healthcare,1,4
875,Female,30,157290.0,22,Artist,2,2
876,Male,97,175996.0,42,Entertainment,10,4
877,Male,68,102016.0,37,Artist,0,4
880,Male,25,128258.0,48,Executive,0,2
881,Female,29,62475.0,24,Artist,6,4
882,Female,85,82854.0,75,Artist,6,4
883,Female,30,59284.0,38,Doctor,7,7
885,Female,88,171362.0,90,Executive,6,4
887,Female,95,76646.0,61,Artist,0,1
888,Female,92,78308.0,66,Executive,5,2
889,Female,63,78971.0,89,Engineer,1,2
890,Female,75,65528.0,73,Marketing,1,5
891,Male,67,94199.0,71,Artist,5,7
892,Female,58,135705.0,48,Engineer,8,7
893,Male,52,130573.0,31,Entertainment,8,3
894,Female,85,152303.0,68,Artist,1,5
895,Female,31,144582.0,89,Doctor,1,1
896,Female,84,93288.0,60,Artist,10,6
897,Female,93,88192.0,3,Marketing,10,2
898,Male,18,62362.0,81,Lawyer,7,3
899,Male,73,74350.0,39,Lawyer,10,1
902,Male,53,160980.0,62,Doctor,4,2
903,Female,75,102904.0,28,Artist,7,6
905,Female,47,157661.0,57,Healthcare,6,6
906,Female,66,118385.0,8,Healthcare,10,3
910,Female,52,167214.0,94,Homemaker,8,7
911,Male,21,69644.0,19,Artist,5,1
912,Female,19,120215.0,46,Homemaker,7,2
913,Female,29,180401.0,23,Engineer,7,6
914,Female,40,113739.0,93,Artist,5,7
915,Male,76,111717.0,41,Healthcare,1,2
916,Male,91,62808.0,20,Engineer,0,4
917,Female,24,67582.0,13,Artist,1,3
919,Male,90,89667.0,69,Artist,0,2
920,Female,56,98980.0,65,Engineer,0,1
922,Male,52,189091.0,12,Artist,0,6
924,Male,30,106314.0,16,Artist,0,7
925,Female,70,62901.0,60,Artist,8,5
927,Female,95,72068.0,97,Healthcare,0,6
929,Female,95,118575.0,10,Entertainment,1,3
931,Male,82,114776.0,55,Entertainment,10,3
933,Male,51,162072.0,86,Engineer,1,1
934,Male,63,172872.0,11,Healthcare,0,7
935,Female,30,182162.0,6,Artist,1,3
936,Female,68,71467.0,81,Artist,5,7
937,Female,21,85568.0,1,Healthcare,0,6
938,Female,99,56851.0,72,Entertainment,6,3
939,Female,49,116782.0,73,Artist,9,5
940,Female,80,67781.0,1,Entertainment,4,4
941,Female,51,70152.0,29,Healthcare,0,2
942,Male,18,185861.0,82,Artist,3,6
943,Male,43,162595.0,17,Artist,3,3
944,Female,29,80098.0,54,Lawyer,10,6
945,Female,20,184801.0,8,Lawyer,1,1
946,Female,39,58908.0,37,Artist,6,6
948,Female,45,135174.0,39,Artist,9,4
949,Female,65,114244.0,64,Artist,0,1
950,Female,64,157207.0,52,Healthcare,0,4
951,Female,81,128834.0,23,Entertainment,5,4
952,Male,54,51166.0,24,Entertainment,0,7
953,Female,32,130118.0,36,Artist,0,4
954,Male,29,87014.0,71,Doctor,11,4
955,Female,25,111379.0,93,Artist,0,2
957,Female,55,90558.0,49,Healthcare,8,2
959,Female,81,111174.0,48,Entertainment,9,6
960,Male,87,64461.0,63,Engineer,4,4
962,Male,91,189357.0,4,Lawyer,7,1
963,Female,63,120955.0,79,Artist,6,1
964,Female,97,168898.0,54,Homemaker,8,7
965,Male,89,130431.0,52,Healthcare,6,3
966,Male,59,161091.0,56,Engineer,9,1
967,Female,26,69988.0,2,Homemaker,5,4
969,Male,32,186897.0,49,Healthcare,1,7
970,Female,98,109061.0,41,Engineer,6,1
971,Male,31,188620.0,30,Artist,3,6
972,Female,59,108675.0,57,Artist,4,5
973,Female,80,177601.0,34,Entertainment,0,2
975,Male,80,95929.0,23,Engineer,0,2
976,Male,59,97185.0,87,Entertainment,0,5
977,Female,56,103838.0,17,Artist,1,2
978,Male,18,129260.0,11,Doctor,1,3
979,Female,66,151184.0,19,Artist,1,4
980,Female,67,177512.0,62,Engineer,2,3
981,Male,39,140099.0,51,Lawyer,0,7
982,Male,23,67535.0,97,Healthcare,7,6
983,Male,47,133236.0,61,Executive,1,6
984,Female,41,87975.0,5,Homemaker,9,7
985,Female,40,164350.0,23,Healthcare,0,5
986,Male,36,55109.0,53,Artist,8,3
988,Female,60,185306.0,47,Entertainment,0,2
989,Female,24,154787.0,84,Executive,3,5
991,Female,92,114571.0,51,Executive,1,3
992,Male,32,130697.0,93,Artist,1,2
993,Male,39,115916.0,24,Doctor,13,6
994,Female,50,69814.0,53,Artist,9,2
995,Female,85,118161.0,74,Engineer,0,4
996,Male,65,56583.0,65,Healthcare,2,3
998,Female,31,171825.0,22,Entertainment,10,4
999,Male,24,77976.0,95,Artist,11,3
1000,Male,97,66312.0,75,Entertainment,0,1
1001,Female,92,81839.0,11,Entertainment,0,4
1002,Female,80,55712.0,5,Artist,5,6
1003,Male,33,158335.0,45,Healthcare,2,5
1005,Male,67,119625.0,3,Healthcare,4,4
1007,Female,61,101007.0,60,Lawyer,0,6
1008,Male,83,87529.0,49,Artist,9,7
1012,Female,80,125623.0,62,Executive,0,4
1013,Female,85,104054.0,22,Artist,8,4
1014,Male,88,83535.0,56,Artist,1,5
1015,Female,76,166245.0,13,Executive,7,3
1016,Female,32,100890.0,60,Entertainment,4,4
1017,Female,99,55972.0,83,Entertainment,1,7
1018,Female,85,134282.0,39,Artist,2,5
1019,Female,25,106669.0,22,Lawyer,1,7
1020,Female,99,145777.0,94,Executive,1,5
1021,Male,41,119259.0,91,Healthcare,1,5
1023,Female,45,55472.0,51,Healthcare,1,3
1024,Male,55,99423.0,82,Healthcare,0,5
1025,Female,20,146221.0,25,Marketing,0,3
1026,Female,33,84238.0,31,Artist,1,2
1027,Male,92,57032.0,75,Entertainment,1,5
1028,Male,93,88811.0,52,Engineer,0,4
1029,Male,60,167420.0,38,Artist,5,2
1030,Male,38,101846.0,17,Doctor,3,2
1032,Male,74,147449.0,16,Artist,1,5
1033,Female,47,83043.0,76,Executive,0,1
1034,Female,96,168990.0,81,Doctor,9,5
1035,Male,97,73867.0,65,Healthcare,4,5
1036,Female,35,165772.0,51,Healthcare,1,4
1037,Female,19,178217.0,38,Marketing,0,3
1038,Male,60,162612.0,98,Engineer,1,6
1039,Male,37,99872.0,53,Entertainment,11,3
1040,Female,49,142566.0,77,Artist,1,7
1042,Male,43,187841.0,38,Artist,1,4
1043,Female,46,171921.0,50,Artist,1,6
1044,Female,65,115299.0,87,Artist,6,3
1045,Male,75,94129.0,27,Healthcare,6,7
1046,Male,40,172378.0,39,Entertainment,5,6
1047,Male,28,146597.0,31,Engineer,1,4
1048,Female,78,64057.0,44,Doctor,0,3
1049,Female,22,163585.0,49,Artist,9,5
1051,Male,46,149764.0,1,Entertainment,0,6
1053,Female,46,109346.0,37,Entertainment,1,2
1054,Female,72,111587.0,99,Artist,7,4
1055,Female,38,166644.0,66,Artist,8,6
1056,Female,50,181270.0,56,Artist,1,1
1057,Male,47,65207.0,81,Healthcare,1,2
1058,Female,72,112146.0,21,Homemaker,8,4
1060,Female,34,139009.0,24,Artist,0,4
1061,Female,53,67916.0,82,Healthcare,0,6
1062,Female,82,99983.0,88,Executive,0,1
1063,Male,63,131122.0,40,Artist,9,6
1064,Female,58,173190.0,37,Doctor,9,4
1065,Male,23,122712.0,21,Marketing,1,1
1066,Female,80,55792.0,30,Artist,1,6
1067,Male,45,73892.0,45,Doctor,1,4
1069,Female,84,152475.0,12,Artist,0,7
1070,Male,45,152226.0,87,Artist,4,4
1071,Male,85,117679.0,18,Entertainment,1,3
1072,Male,23,146473.0,87,Artist,1,4
1073,Male,79,66051.0,75,Healthcare,1,7
1074,Male,47,162332.0,72,Entertainment,1,5
1075,Female,93,166018.0,71,Doctor,0,3
1076,Female,95,67398.0,81,Entertainment,2,5
1077,Male,44,73760.0,70,Entertainment,1,6
1078,Male,95,167578.0,66,Entertainment,0,1
1079,Male,28,130267.0,45,Engineer,8,4
1080,Male,91,94846.0,95,Engineer,0,5
1081,Female,81,155396.0,1,Engineer,9,5
1082,Female,90,138013.0,16,Artist,8,7
1083,Male,79,148286.0,77,Entertainment,0,4
1085,Female,38,52884.0,24,Lawyer,1,1
1086,Male,87,153230.0,15,Healthcare,8,1
1087,Female,93,63261.0,13,Engineer,1,7
1088,Male,44,90167.0,84,Engineer,0,3
1090,Female,84,53622.0,27,Artist,0,3
1092,Female,41,94316.0,86,Artist,0,6
1094,Female,33,67874.0,55,Artist,0,2
1095,Female,34,176554.0,62,Healthcare,1,2
1096,Female,53,135341.0,56,Healthcare,10,2
1097,Female,47,129019.0,57,Healthcare,0,3
1098,Male,53,107879.0,3,Doctor,1,6
1099,Male,92,79531.0,4,Artist,1,1
1100,Male,89,63379.0,59,Artist,12,7
1101,Female,27,156258.0,54,Entertainment,0,4
1102,Male,70,67874.0,41,Entertainment,9,3
1103,Female,86,159964.0,57,Engineer,5,6
1104,Female,99,103706.0,50,Entertainment,1,2
1105,Female,96,64713.0,84,Entertainment,2,7
1106,Female,65,90414.0,55,Artist,1,5
1107,Female,82,171100.0,34,Executive,0,5
1108,Male,36,187305.0,85,Engineer,6,7
1109,Female,30,139758.0,46,Lawyer,0,6
1110,Female,96,91226.0,56,Healthcare,0,5
1111,Female,69,143928.0,30,Engineer,9,7
1112,Female,34,92366.0,14,Healthcare,0,6
1113,Male,74,175041.0,25,Artist,4,1
1114,Male,97,147301.0,93,Lawyer,1,5
1115,Male,56,119296.0,49,Engineer,0,7
1116,Female,30,126306.0,44,Artist,0,1
1118,Female,95,168663.0,16,Engineer,11,5
1120,Female,78,175179.0,43,Executive,9,4
1121,Female,54,165019.0,12,Entertainment,1,2
1122,Female,85,68212.0,26,Healthcare,7,4
1124,Female,85,92591.0,99,Artist,8,2
1125,Female,41,69730.0,97,Artist,1,4
1126,Female,25,156793.0,57,Marketing,2,4
1127,Female,74,56848.0,41,Artist,5,1
1129,Male,62,150619.0,32,Artist,10,6
1130,Male,52,100261.0,10,Artist,1,6
1131,Female,36,109895.0,56,Healthcare,5,2
1133,Female,84,133765.0,83,Artist,1,3
1134,Female,99,57677.0,99,Lawyer,0,5
1135,Female,51,112358.0,27,Artist,0,6
1136,Female,57,73845.0,52,Artist,1,7
1137,Male,92,89531.0,42,Healthcare,6,2
1138,Male,29,118092.0,100,Entertainment,7,3
1139,Male,62,144242.0,49,Entertainment,1,4
1140,Female,43,140876.0,90,Entertainment,0,4
1141,Male,72,76888.0,26,Marketing,0,1
1142,Female,28,116644.0,88,Artist,6,3
1143,Female,57,143021.0,3,Executive,5,4
1144,Female,86,145679.0,91,Lawyer,9,6
1145,Female,26,64398.0,7,Lawyer,1,6
1148,Female,89,122707.0,64,Homemaker,2,3
1149,Female,91,51733.0,96,Healthcare,0,5
1150,Female,67,138087.0,63,Marketing,1,7
1151,Male,63,147278.0,51,Lawyer,0,4
1152,Female,90,187339.0,62,Healthcare,0,6
1153,Female,87,129972.0,97,Executive,1,6
1154,Female,89,151176.0,55,Healthcare,1,2
1155,Female,34,74358.0,60,Artist,0,6
1156,Male,89,83953.0,82,Healthcare,0,3
1157,Male,31,62925.0,24,Engineer,1,6
1158,Male,55,65257.0,93,Doctor,2,3
1160,Male,64,163783.0,84,Healthcare,3,1
1162,Female,20,155951.0,21,Healthcare,7,4
1163,Female,18,183071.0,29,Artist,7,4
1164,Female,83,124104.0,20,Healthcare,4,6
1165,Female,21,136747.0,3,Healthcare,1,1
1166,Male,19,189498.0,18,Artist,4,1
1167,Female,74,76149.0,48,Artist,9,6
1168,Female,44,185550.0,54,Artist,0,1
1169,Female,52,119567.0,19,Artist,5,2
1172,Female,80,90142.0,50,Lawyer,1,2
1173,Female,82,184481.0,84,Executive,0,2
1174,Female,32,66089.0,75,Artist,6,3
1176,Male,61,52543.0,23,Executive,0,6
1177,Male,57,50429.0,23,Artist,0,1
1178,Male,95,178228.0,45,Engineer,1,2
1179,Female,38,161130.0,98,Artist,8,3
1180,Male,70,87976.0,38,Lawyer,1,6
1181,Female,40,179150.0,91,Artist,5,2
1182,Female,92,163442.0,32,Executive,1,6
1183,Female,73,108159.0,18,Entertainment,8,7
1184,Female,62,73419.0,14,Healthcare,0,1
1186,Male,65,54431.0,93,Healthcare,1,7
1187,Female,88,168437.0,81,Artist,2,2
1188,Female,55,71322.0,54,Entertainment,1,6
1190,Female,20,141428.0,32,Entertainment,1,5
1191,Male,97,142214.0,32,Artist,7,4
1192,Female,93,62590.0,43,Artist,9,6
1193,Male,84,172523.0,83,Artist,6,2
1196,Female,59,119833.0,38,Doctor,1,2
1197,Female,54,70803.0,35,Entertainment,0,5
1198,Male,82,139008.0,47,Artist,1,4
1199,Male,83,126669.0,53,Artist,1,6
1200,Male,87,122722.0,10,Executive,9,4
1202,Male,89,100155.0,5,Healthcare,6,1
1203,Female,32,110846.0,49,Artist,0,2
1205,Female,54,117181.0,66,Doctor,12,5
1206,Female,56,86898.0,76,Healthcare,0,6
1207,Female,31,143241.0,81,Executive,4,7
1208,Female,26,146028.0,33,Healthcare,0,5
1210,Female,60,132486.0,9,Artist,1,2
1211,Male,92,96424.0,74,Artist,8,5
1212,Female,93,151468.0,41,Artist,1,5
1214,Female,81,125316.0,81,Lawyer,0,6
1215,Male,21,109373.0,22,Entertainment,4,2
1216,Male,96,135042.0,12,Artist,0,7
1217,Female,78,59784.0,81,Artist,3,3
1218,Male,86,140687.0,63,Artist,1,2
1220,Female,62,175534.0,44,Artist,1,6
1221,Male,68,170957.0,6,Lawyer,1,3
1222,Male,70,81197.0,76,Artist,0,4
1223,Female,21,104888.0,8,Healthcare,0,4
1225,Female,62,139588.0,66,Executive,0,2
1226,Male,22,126543.0,45,Homemaker,0,3
1227,Female,87,177260.0,45,Entertainment,14,2
1228,Male,44,156823.0,42,Healthcare,9,5
1229,Female,27,183201.0,52,Engineer,8,6
1230,Female,95,84925.0,46,Artist,4,6
1231,Male,89,69719.0,47,Artist,9,2
1232,Female,41,61355.0,13,Healthcare,1,3
1233,Male,41,156014.0,49,Doctor,14,5
1234,Male,21,184088.0,21,Entertainment,11,7
1235,Female,59,158372.0,98,Artist,1,1
1236,Female,64,135742.0,67,Healthcare,1,7
1237,Female,38,145704.0,82,Marketing,0,4
1238,Female,70,157307.0,23,Executive,4,3
1239,Female,25,88064.0,73,Executive,1,5
1241,Female,70,153821.0,8,Marketing,1,4
1242,Male,29,170669.0,78,Doctor,9,5
1243,Male,88,93555.0,13,Artist,3,3
1244,Female,20,101941.0,18,Healthcare,1,3
1245,Female,58,78795.0,44,Engineer,0,6
1246,Female,70,55875.0,94,Engineer,0,5
1247,Female,44,177513.0,81,Lawyer,1,5
1248,Female,87,100850.0,83,Doctor,0,3
1249,Female,51,143082.0,63,Entertainment,0,7
1250,Female,96,85447.0,4,Artist,9,6
1251,Female,75,114213.0,33,Doctor,9,4
1254,Male,58,105302.0,75,Doctor,0,3
1256,Male,70,56432.0,23,Engineer,0,5
1257,Female,49,136467.0,72,Healthcare,3,3
1258,Male,60,189945.0,20,Engineer,0,5
1259,Female,25,163966.0,48,Lawyer,1,5
1260,Male,47,52152.0,17,Artist,0,3
1261,Male,53,145720.0,62,Homemaker,12,7
1262,Male,24,188034.0,61,Healthcare,1,5
1263,Female,46,127911.0,3,Homemaker,9,2
1264,Female,70,174114.0,31,Lawyer,1,1
1265,Male,53,144489.0,10,Artist,14,3
1266,Male,63,77440.0,47,Lawyer,0,5
1267,Female,24,86119.0,44,Artist,1,6
1270,Female,71,74696.0,41,Doctor,1,6
1271,Male,23,65641.0,50,Entertainment,4,5
1272,Female,51,61228.0,81,Entertainment,1,6
1274,Female,72,152405.0,4,Artist,1,4
1275,Male,18,157757.0,84,Doctor,0,4
1277,Female,95,67227.0,30,Artist,1,7
1278,Male,20,161156.0,88,Engineer,0,4
1279,Female,58,170647.0,70,Healthcare,1,7
1280,Female,67,161646.0,36,Healthcare,0,2
1281,Male,43,98016.0,18,Healthcare,9,6
1282,Male,36,50526.0,19,Artist,0,6
1284,Female,35,97721.0,48,Engineer,0,7
1285,Female,81,142013.0,81,Entertainment,3,4
1286,Male,84,166737.0,76,Artist,0,3
1287,Female,18,62651.0,13,Entertainment,0,2
1288,Female,54,179546.0,4,Homemaker,8,4
1289,Female,98,51866.0,81,Artist,12,7
1290,Female,75,86297.0,42,Executive,9,4
1291,Female,98,65031.0,23,Artist,0,4
1292,Male,94,69383.0,25,Entertainment,0,2
1293,Male,24,70733.0,63,Artist,5,3
1294,Female,47,187898.0,89,Artist,6,2
1295,Female,40,116001.0,55,Engineer,1,4
1296,Male,68,87040.0,4,Artist,9,1
1297,Female,18,180956.0,74,Artist,2,2
1298,Female,83,115517.0,82,Healthcare,0,6
1299,Male,34,76979.0,46,Lawyer,1,3
1300,Male,81,50798.0,56,Artist,10,5
1301,Female,61,146350.0,43,Artist,1,3
1302,Female,77,81112.0,61,Healthcare,5,3
1303,Male,52,80605.0,20,Doctor,1,6
1304,Male,40,171949.0,11,Doctor,1,6
1305,Male,93,159006.0,26,Artist,8,6
1306,Female,45,177368.0,96,Healthcare,1,2
1307,Female,83,187643.0,3,Artist,1,1
1308,Male,23,93841.0,25,Lawyer,0,7
1310,Male,79,146130.0,20,Entertainment,6,6
1311,Male,80,84471.0,79,Doctor,1,5
1312,Female,35,144485.0,15,Entertainment,0,4
1313,Female,39,158638.0,78,Healthcare,2,5
1315,Female,83,129507.0,93,Healthcare,4,7
1316,Female,94,114510.0,39,Healthcare,0,4
1319,Female,77,66256.0,13,Lawyer,1,2
1320,Female,48,118285.0,69,Doctor,8,4
1321,Male,97,128723.0,58,Artist,4,5
1322,Female,28,178285.0,91,Artist,4,7
1323,Female,99,144176.0,74,Marketing,7,2
1324,Male,27,82474.0,31,Artist,9,3
1325,Female,95,159010.0,84,Lawyer,6,2
1327,Male,18,77873.0,49,Executive,6,5
1328,Male,42,53392.0,89,Artist,6,4
1329,Male,50,168898.0,41,Artist,9,7
1330,Male,86,128917.0,7,Homemaker,5,5
1331,Male,69,185067.0,49,Lawyer,5,4
1332,Male,23,132183.0,76,Artist,10,3
1333,Female,82,82060.0,46,Healthcare,7,1
1334,Female,97,133614.0,58,Artist,7,4
1336,Female,75,76474.0,5,Doctor,5,5
1340,Female,45,125677.0,36,Entertainment,5,2
1341,Female,23,127971.0,56,Artist,1,5
1342,Male,38,76103.0,62,Executive,9,3
1343,Female,45,114741.0,96,Artist,0,5
1344,Female,82,157994.0,92,Artist,1,1
1345,Male,73,93786.0,44,Entertainment,3,1
1346,Male,36,75178.0,41,Entertainment,1,7
1348,Female,96,99263.0,100,Healthcare,8,1
1349,Female,83,52590.0,3,Healthcare,0,4
1350,Male,33,170959.0,75,Artist,0,4
1351,Male,68,135076.0,60,Engineer,1,5
1352,Male,88,167112.0,34,Lawyer,0,1
1353,Female,87,184639.0,12,Doctor,1,6
1354,Female,88,172369.0,80,Artist,6,6
1355,Female,43,124256.0,67,Marketing,1,7
1356,Female,64,89972.0,92,Artist,10,6
1357,Male,96,67799.0,42,Entertainment,1,6
1358,Female,72,176074.0,70,Doctor,1,7
1359,Male,48,167517.0,27,Artist,2,7
1360,Female,64,77914.0,11,Artist,1,6
1362,Female,52,86365.0,70,Engineer,1,7
1364,Female,44,131091.0,62,Artist,4,1
1366,Female,50,117076.0,45,Doctor,1,2
1367,Male,53,150925.0,1,Healthcare,1,2
1368,Female,31,149379.0,100,Lawyer,0,3
1369,Female,31,138644.0,94,Engineer,4,3
1370,Male,97,148493.0,42,Doctor,4,7
1371,Male,27,84658.0,66,Lawyer,4,6
1373,Male,81,108759.0,60,Artist,7,6
1374,Male,64,186203.0,73,Artist,10,5
1376,Female,78,132983.0,67,Healthcare,7,7
1377,Male,72,149092.0,39,Engineer,8,1
1378,Male,36,163845.0,84,Doctor,5,7
1379,Male,97,117777.0,67,Artist,5,5
1380,Male,88,131584.0,18,Artist,7,3
1381,Female,21,123904.0,91,Artist,7,5
1382,Female,62,89801.0,88,Artist,5,4
1383,Male,73,173466.0,57,Entertainment,10,5
1384,Female,34,55690.0,4,Marketing,4,6
1386,Male,39,100419.0,19,Artist,5,4
1387,Female,82,62951.0,47,Lawyer,8,2
1388,Male,39,118554.0,1,Lawyer,4,6
1390,Female,68,75561.0,87,Healthcare,5,3
1391,Female,77,147306.0,50,Healthcare,6,6
1392,Female,35,111871.0,30,Doctor,10,1
1394,Female,47,121267.0,58,Engineer,1,1
1395,Female,48,151519.0,93,Artist,7,2
1396,Female,34,105448.0,40,Artist,0,5
1397,Female,20,92048.0,91,Healthcare,1,1
1398,Male,61,99980.0,94,Healthcare,10,1
1401,Female,52,82478.0,95,Executive,10,1
1402,Male,99,139685.0,20,Healthcare,1,4
1403,Female,84,182374.0,62,Entertainment,0,6
1404,Female,58,119366.0,94,Engineer,4,2
1405,Female,91,53788.0,57,Doctor,0,2
1407,Female,67,118348.0,94,Engineer,1,7
1408,Male,56,137428.0,87,Artist,0,2
1409,Female,62,106982.0,53,Entertainment,1,7
1411,Female,38,120825.0,24,Executive,9,7
1412,Female,51,58006.0,83,Executive,1,5
1413,Male,20,106941.0,73,Artist,1,1
1414,Male,43,129782.0,31,Entertainment,1,2
1415,Male,93,121513.0,90,Engineer,0,6
1416,Female,54,79925.0,30,Healthcare,0,3
1417,Male,23,112089.0,74,Healthcare,7,7
1419,Female,64,146794.0,90,Healthcare,8,3
1420,Female,55,75033.0,30,Engineer,5,5
1421,Female,85,149969.0,78,Executive,0,6
1422,Female,20,124852.0,39,Healthcare,5,5
1423,Male,73,154837.0,42,Executive,8,4
1424,Female,53,145678.0,55,Executive,0,1
1426,Female,50,136660.0,48,Entertainment,1,3
1428,Male,37,62893.0,29,Executive,1,5
1429,Male,78,163514.0,89,Doctor,9,2
1430,Male,29,145934.0,40,Marketing,10,2
1431,Female,54,119223.0,58,Lawyer,10,7
1432,Male,89,127479.0,18,Doctor,10,2
1433,Female,25,136146.0,98,Artist,6,6
1436,Female,18,82812.0,1,Artist,6,2
1437,Male,74,51260.0,43,Entertainment,5,5
1438,Male,21,159572.0,42,Healthcare,5,5
1440,Female,49,176954.0,57,Artist,5,6
1441,Male,58,85908.0,99,Artist,5,4
1443,Female,55,123045.0,56,Engineer,7,3
1444,Female,31,161211.0,10,Lawyer,9,1
1445,Female,59,81702.0,27,Marketing,6,4
1446,Female,25,173043.0,3,Artist,8,6
1447,Male,63,126380.0,90,Artist,6,1
1448,Female,60,128205.0,27,Healthcare,6,5
1449,Female,41,181355.0,73,Artist,10,3
1450,Female,84,97931.0,70,Healthcare,9,7
1451,Male,72,146432.0,25,Artist,6,1
1452,Female,97,125731.0,41,Artist,6,4
1453,Female,43,132701.0,70,Healthcare,5,2
1454,Female,63,116095.0,8,Artist,5,1
1456,Male,54,136417.0,45,Healthcare,9,6
1457,Male,27,80783.0,82,Artist,9,3
1458,Male,28,182580.0,60,Executive,6,6
1459,Female,84,143567.0,48,Artist,7,2
1460,Male,71,85908.0,85,Entertainment,5,4
1461,Female,88,139806.0,99,Entertainment,4,4
1462,Female,75,77269.0,24,Artist,8,1
1463,Female,96,105968.0,65,Engineer,4,5
1464,Female,83,125660.0,19,Engineer,10,4
1465,Female,86,98444.0,76,Entertainment,7,4
1466,Male,60,179503.0,9,Artist,4,3
1468,Female,65,75685.0,19,Marketing,7,3
1469,Female,49,85374.0,45,Artist,8,5
1470,Female,78,128642.0,19,Marketing,5,6
1471,Male,25,182292.0,78,Artist,7,5
1473,Female,58,127833.0,2,Artist,7,7
1474,Female,80,178866.0,97,Artist,8,4
1475,Female,94,183643.0,51,Artist,5,5
1476,Male,62,113306.0,4,Executive,5,6
1477,Male,20,84008.0,77,Artist,8,4
1478,Male,85,85758.0,35,Lawyer,10,4
1479,Female,72,63128.0,45,Engineer,8,7
1480,Male,95,70174.0,6,Executive,10,6
1481,Female,97,170133.0,42,Engineer,5,5
1482,Female,25,165978.0,42,Artist,7,3
1485,Female,59,113389.0,79,Doctor,4,6
1486,Male,30,111690.0,73,Entertainment,10,4
1487,Female,63,184830.0,60,Doctor,9,3
1488,Female,23,91549.0,23,Artist,4,3
1489,Female,97,94629.0,17,Marketing,6,3
1490,Female,97,167558.0,99,Artist,4,7
1491,Male,94,119189.0,57,Artist,9,3
1492,Female,28,96207.0,67,Artist,5,5
1493,Male,21,85339.0,6,Doctor,4,7
1494,Female,25,111942.0,7,Artist,5,5
1495,Female,48,157003.0,45,Engineer,5,4
1496,Female,53,117123.0,23,Artist,9,7
1497,Female,97,172747.0,76,Artist,7,2
1498,Male,33,157358.0,52,Healthcare,7,4
1500,Male,72,166043.0,93,Doctor,7,6
1501,Male,40,67768.0,15,Doctor,10,6
1502,Male,34,171353.0,34,Doctor,8,4
1503,Female,63,116971.0,76,Executive,7,5
1504,Female,85,97822.0,38,Doctor,5,3
1505,Female,86,117203.0,83,Healthcare,10,3
1506,Female,63,88720.0,100,Artist,10,1
1508,Female,76,139447.0,36,Artist,8,7
1509,Male,19,179269.0,93,Entertainment,6,3
1510,Female,84,136254.0,90,Engineer,5,6
1511,Male,38,174594.0,56,Executive,8,2
1513,Female,30,73107.0,48,Artist,9,1
1514,Female,86,98344.0,25,Artist,6,6
1515,Male,21,163509.0,21,Healthcare,10,1
1517,Female,87,95853.0,53,Healthcare,9,1
1518,Male,40,156411.0,70,Artist,6,5
1520,Female,63,106691.0,79,Healthcare,9,3
1521,Male,26,144832.0,42,Artist,5,3
1522,Male,29,132297.0,53,Entertainment,8,1
1524,Male,28,157383.0,13,Lawyer,8,2
1525,Female,99,150782.0,18,Executive,8,2
1526,Male,69,143987.0,87,Healthcare,10,5
1528,Male,73,104826.0,36,Healthcare,5,1
1530,Female,42,152547.0,56,Artist,7,4
1531,Male,43,85347.0,9,Doctor,1,1
1532,Female,79,122828.0,32,Executive,0,5
1533,Male,18,107794.0,17,Engineer,0,5
1534,Male,39,152566.0,11,Entertainment,1,7
1535,Female,41,91715.0,99,Entertainment,0,3
1536,Female,60,99222.0,48,Artist,1,6
1537,Female,39,70280.0,99,Engineer,0,4
1538,Female,90,70030.0,86,Healthcare,1,2
1539,Female,83,102083.0,24,Artist,1,1
1540,Female,92,166163.0,87,Engineer,8,5
1542,Male,50,187545.0,61,Executive,4,6
1543,Male,90,182910.0,86,Entertainment,0,1
1545,Female,27,115438.0,37,Artist,0,6
1546,Female,93,93964.0,80,Artist,4,2
1547,Female,61,180341.0,75,Healthcare,1,3
1548,Female,91,107323.0,1,Engineer,7,7
1549,Female,79,119435.0,55,Entertainment,0,7
1550,Female,80,68341.0,22,Artist,13,6
1553,Female,34,100621.0,3,Healthcare,1,1
1556,Male,96,172039.0,51,Lawyer,0,6
1557,Female,48,70844.0,22,Entertainment,0,3
1558,Male,25,100964.0,96,Marketing,1,6
1559,Female,98,128037.0,39,Entertainment,6,2
1560,Male,84,97081.0,75,Marketing,1,3
1561,Male,88,92247.0,47,Marketing,0,6
1562,Male,86,129914.0,92,Artist,1,3
1563,Female,55,94014.0,53,Engineer,9,5
1564,Female,56,138864.0,93,Artist,0,5
1567,Female,73,68161.0,23,Doctor,1,2
1568,Female,38,181108.0,32,Homemaker,1,1
1569,Male,37,87764.0,59,Engineer,9,7
1570,Female,41,102543.0,54,Artist,7,3
1571,Male,94,139417.0,13,Artist,1,3
1572,Female,57,81802.0,29,Homemaker,9,1
1573,Female,96,102788.0,51,Artist,0,1
1574,Female,59,163179.0,19,Healthcare,1,7
1575,Male,87,71318.0,22,Healthcare,1,3
1576,Male,55,63683.0,34,Healthcare,3,1
1578,Male,82,121610.0,36,Artist,0,5
1579,Female,83,150682.0,25,Artist,1,1
1580,Female,96,124550.0,46,Marketing,0,3
1581,Male,55,148875.0,99,Artist,0,4
1583,Male,33,109223.0,43,Engineer,1,5
1584,Female,46,120899.0,7,Marketing,2,6
1585,Female,27,101948.0,31,Artist,0,5
1586,Male,72,143169.0,58,Engineer,0,4
1588,Female,19,181795.0,59,Healthcare,3,5
1589,Female,48,186445.0,41,Engineer,0,1
1590,Female,58,102205.0,24,Artist,1,1
1591,Female,21,52326.0,69,Healthcare,0,2
1592,Male,91,82992.0,5,Entertainment,1,5
1593,Male,44,145520.0,55,Homemaker,1,7
1594,Female,80,104820.0,96,Artist,2,4
1595,Female,28,69025.0,79,Entertainment,0,2
1596,Male,74,164976.0,89,Entertainment,0,4
1597,Female,79,178576.0,51,Executive,5,5
1598,Female,42,72415.0,52,Marketing,0,5
1599,Male,80,112146.0,24,Entertainment,0,3
1601,Female,24,51661.0,79,Entertainment,0,7
1602,Female,71,152910.0,90,Artist,1,6
1604,Male,48,143455.0,62,Healthcare,1,6
1605,Male,30,173096.0,92,Healthcare,0,3
1606,Female,52,121172.0,97,Healthcare,5,4
1607,Female,34,56492.0,15,Homemaker,8,1
1608,Male,64,156422.0,39,Entertainment,1,7
1610,Male,71,118096.0,36,Lawyer,0,3
1611,Male,87,149685.0,30,Executive,9,6
1612,Female,68,89765.0,28,Artist,0,7
1614,Male,24,64738.0,67,Artist,0,6
1616,Female,53,146877.0,47,Healthcare,4,3
1617,Female,39,62935.0,60,Artist,0,7
1619,Female,64,115754.0,35,Engineer,1,3
1620,Female,41,186470.0,21,Artist,0,7
1622,Female,94,86172.0,55,Artist,4,4
1623,Female,40,184222.0,17,Healthcare,0,2
1624,Male,81,71543.0,1,Entertainment,1,4
1625,Female,18,174836.0,63,Healthcare,0,4
1628,Male,64,130055.0,46,Healthcare,2,1
1629,Male,45,88707.0,81,Healthcare,0,5
1630,Male,99,162762.0,52,Healthcare,1,1
1631,Male,59,154821.0,77,Doctor,0,2
1632,Male,53,57248.0,66,Lawyer,5,5
1633,Female,66,99902.0,54,Engineer,10,2
1636,Female,34,93866.0,43,Entertainment,9,2
1638,Male,73,172011.0,9,Doctor,1,5
1639,Male,90,68138.0,18,Healthcare,2,7
1640,Female,32,123246.0,100,Homemaker,8,6
1641,Female,47,124194.0,32,Doctor,1,7
1643,Female,78,91213.0,84,Lawyer,3,5
1644,Female,83,166650.0,99,Healthcare,1,3
1646,Male,75,126469.0,86,Entertainment,1,2
1647,Male,45,138775.0,17,Executive,0,7
1648,Female,49,68901.0,70,Doctor,7,7
1649,Female,41,118621.0,7,Homemaker,0,7
1650,Male,34,109263.0,77,Entertainment,0,1
1651,Male,82,150012.0,83,Healthcare,3,6
1652,Male,37,133850.0,85,Marketing,9,3
1653,Female,25,81640.0,95,Entertainment,1,6
1654,Female,52,133214.0,1,Marketing,9,7
1655,Female,23,186723.0,42,Entertainment,8,5
1656,Female,96,92100.0,23,Artist,9,3
1658,Female,47,69024.0,3,Healthcare,4,5
1659,Male,81,171194.0,55,Artist,0,5
1662,Female,35,164435.0,26,Lawyer,1,3
1663,Male,67,172407.0,60,Doctor,9,3
1665,Male,82,186130.0,61,Lawyer,3,7
1667,Male,95,137206.0,4,Artist,0,4
1669,Female,99,174275.0,4,Healthcare,0,2
1670,Male,96,97705.0,41,Homemaker,8,2
1671,Male,92,188984.0,69,Lawyer,1,4
1672,Male,24,119238.0,55,Artist,1,3
1673,Male,58,87923.0,19,Entertainment,0,5
1676,Female,51,135164.0,75,Artist,9,3
1678,Male,47,126060.0,92,Doctor,1,3
1679,Male,67,89366.0,55,Healthcare,9,3
1680,Male,58,95172.0,77,Healthcare,1,5
1681,Female,55,95975.0,49,Executive,0,1
1682,Female,52,165573.0,59,Healthcare,0,7
1683,Male,83,180887.0,59,Entertainment,1,1
1684,Female,83,142720.0,86,Executive,0,1
1685,Female,90,113460.0,54,Lawyer,1,7
1686,Male,87,110434.0,20,Artist,7,3
1687,Female,67,146016.0,38,Artist,1,6
1688,Male,81,101073.0,67,Executive,0,7
1689,Female,36,62617.0,10,Artist,9,3
1690,Female,51,96028.0,37,Artist,0,5
1691,Female,31,186334.0,37,Artist,0,1
1692,Female,57,163473.0,52,Artist,0,1
1693,Male,83,89819.0,59,Artist,4,2
1694,Female,51,69388.0,33,Engineer,3,4
1696,Female,18,149915.0,94,Doctor,14,1
1697,Female,88,104098.0,48,Healthcare,1,6
1698,Male,70,80160.0,10,Artist,8,5
1702,Male,55,103933.0,31,Executive,6,3
1703,Female,69,85401.0,10,Entertainment,4,6
1704,Female,18,53812.0,32,Homemaker,9,5
1706,Female,69,56398.0,75,Entertainment,8,3
1707,Female,69,171118.0,91,Engineer,9,3
1708,Male,69,79806.0,73,Healthcare,0,5
1709,Female,89,150187.0,35,Healthcare,0,5
1710,Female,45,129455.0,14,Lawyer,0,3
1711,Female,75,116813.0,72,Entertainment,10,6
1712,Female,54,95734.0,39,Homemaker,8,7
1713,Male,33,76654.0,48,Artist,4,1
1714,Male,67,86289.0,96,Artist,1,5
1715,Male,26,176147.0,19,Healthcare,0,1
1717,Male,65,186673.0,51,Doctor,1,1
1718,Female,94,131521.0,62,Artist,0,6
1719,Female,95,50223.0,15,Entertainment,8,1
1720,Female,48,74308.0,23,Entertainment,1,2
1721,Female,41,155881.0,22,Lawyer,0,7
1722,Female,92,168303.0,16,Executive,9,4
1723,Male,44,182748.0,58,Engineer,1,7
1724,Female,35,52374.0,73,Artist,1,1
1725,Female,34,86154.0,17,Doctor,1,2
1726,Female,52,163612.0,51,Executive,0,5
1727,Female,64,64756.0,17,Marketing,10,1
1728,Male,62,185257.0,58,Artist,1,4
1729,Male,58,78669.0,75,Artist,1,7
1731,Female,65,92135.0,49,Homemaker,6,4
1732,Male,20,103195.0,68,Doctor,0,7
1733,Female,21,161663.0,36,Executive,1,7
1734,Female,79,57039.0,34,Artist,2,6
1735,Female,91,54754.0,4,Artist,0,2
1736,Female,92,136531.0,76,Engineer,1,4
1737,Male,62,120838.0,79,Artist,1,4
1738,Male,94,127927.0,48,Doctor,0,4
1740,Female,53,145498.0,66,Artist,8,4
1742,Female,92,152429.0,76,Entertainment,0,2
1744,Female,31,147447.0,23,Doctor,6,7
1745,Female,93,74467.0,33,Lawyer,5,1
1746,Female,66,127410.0,37,Engineer,8,2
1747,Male,49,91290.0,44,Healthcare,7,7
1748,Female,64,92812.0,97,Artist,5,7
1749,Female,27,170166.0,18,Artist,10,4
1750,Female,33,150823.0,75,Artist,4,1
1751,Male,79,95839.0,30,Executive,7,2
1753,Female,22,153024.0,91,Artist,10,7
1756,Male,81,141471.0,45,Artist,8,6
1757,Male,69,76155.0,14,Healthcare,8,7
1758,Male,47,108169.0,24,Executive,10,3
1759,Female,61,139520.0,39,Artist,8,4
1760,Male,62,182631.0,52,Artist,5,3
1761,Female,95,177134.0,78,Healthcare,10,2
1762,Female,32,181703.0,54,Lawyer,6,2
1765,Female,63,176783.0,40,Doctor,9,4
1766,Male,75,59741.0,67,Artist,10,5
1767,Female,43,156567.0,89,Engineer,7,6
1768,Female,29,110309.0,21,Artist,6,2
1769,Female,82,111077.0,55,Artist,9,7
1770,Female,87,170333.0,96,Entertainment,4,2
1771,Male,66,183339.0,39,Artist,7,4
1772,Female,99,84167.0,46,Artist,10,7
1773,Female,54,184815.0,50,Lawyer,6,3
1774,Female,49,122556.0,74,Artist,9,7
1775,Female,60,174768.0,66,Entertainment,9,2
1776,Male,75,172309.0,82,Executive,4,1
1777,Male,77,117920.0,4,Doctor,10,4
1778,Male,34,134882.0,61,Artist,10,3
1779,Female,63,77259.0,11,Lawyer,6,6
1780,Male,38,170019.0,38,Artist,7,2
1781,Female,68,176884.0,94,Engineer,10,2
1782,Female,80,106709.0,93,Marketing,10,2
1784,Female,86,90228.0,68,Engineer,7,5
1786,Male,56,131911.0,42,Healthcare,7,7
1792,Female,55,106153.0,62,Artist,10,1
1794,Female,22,101474.0,14,Homemaker,10,2
1796,Female,70,57596.0,96,Artist,4,1
1797,Female,67,78489.0,81,Artist,7,5
1798,Male,50,112957.0,71,Executive,5,3
1799,Male,72,82377.0,37,Engineer,9,2
1800,Male,76,82315.0,53,Engineer,6,1
1801,Male,80,93253.0,51,Artist,4,5
1802,Male,20,189650.0,60,Lawyer,8,4
1803,Female,89,114858.0,53,Artist,10,1
1804,Female,18,62151.0,18,Artist,8,2
1805,Female,75,135159.0,12,Engineer,7,6
1807,Female,79,123064.0,41,Artist,10,4
1808,Female,31,181773.0,40,Healthcare,8,1
1809,Male,92,171794.0,65,Artist,6,5
1811,Male,94,65483.0,84,Marketing,10,7
1812,Female,35,145654.0,22,Executive,6,3
1813,Female,68,91609.0,43,Entertainment,8,1
1814,Female,29,53002.0,73,Lawyer,5,5
1815,Male,87,115699.0,61,Healthcare,9,1
1816,Male,33,149609.0,44,Executive,9,2
1817,Female,29,165254.0,7,Executive,9,7
1818,Male,43,50418.0,49,Healthcare,5,1
1819,Male,43,103531.0,90,Artist,10,5
1820,Female,66,184060.0,98,Artist,10,5
1821,Male,23,75961.0,70,Executive,5,7
1822,Male,87,174163.0,28,Artist,4,2
1823,Female,81,105255.0,54,Executive,8,3
1824,Male,42,51860.0,4,Lawyer,4,5
1825,Female,32,185218.0,83,Healthcare,4,6
1827,Female,91,134665.0,66,Artist,7,2
1828,Male,95,91352.0,9,Doctor,7,3
1830,Female,20,113767.0,88,Artist,6,2
1832,Female,84,99418.0,27,Artist,4,2
1833,Male,54,56215.0,34,Healthcare,10,4
1835,Female,90,62504.0,99,Artist,10,4
1836,Female,19,151382.0,38,Lawyer,1,1
1837,Female,91,156574.0,96,Marketing,0,7
1838,Female,90,60998.0,35,Entertainment,1,7
1839,Female,60,108509.0,36,Doctor,0,2
1840,Female,68,85540.0,49,Homemaker,9,1
1841,Female,43,73915.0,47,Artist,11,2
1842,Male,52,148901.0,77,Healthcare,4,4
1843,Male,81,152602.0,91,Entertainment,0,1
1844,Female,54,58999.0,22,Entertainment,7,3
1845,Female,43,133740.0,37,Artist,5,4
1846,Female,20,113217.0,41,Lawyer,9,1
1847,Female,71,60209.0,46,Artist,1,3
1848,Female,26,145491.0,72,Entertainment,9,5
1849,Female,75,61393.0,65,Doctor,7,5
1850,Female,52,133252.0,55,Artist,1,1
1851,Female,40,187234.0,14,Doctor,0,5
1853,Female,46,165810.0,38,Healthcare,3,5
1854,Male,98,125181.0,30,Artist,0,7
1855,Female,84,56809.0,96,Healthcare,1,2
1856,Male,35,69419.0,68,Healthcare,9,1
1857,Female,78,70689.0,54,Artist,1,4
1858,Male,64,55011.0,53,Artist,1,7
1859,Female,98,87955.0,79,Engineer,0,2
1860,Male,66,153660.0,24,Healthcare,0,5
1861,Male,32,104494.0,28,Healthcare,6,4
1862,Male,22,184443.0,44,Executive,3,7
1864,Female,22,88729.0,81,Engineer,1,1
1866,Male,24,51604.0,4,Artist,0,2
1868,Female,52,125508.0,15,Artist,1,6
1869,Male,62,186157.0,54,Healthcare,1,1
1870,Female,37,169381.0,45,Entertainment,0,4
1871,Male,68,110195.0,47,Homemaker,9,2
1872,Female,63,81199.0,80,Entertainment,1,2
1874,Female,44,173682.0,89,Artist,12,6
1875,Male,18,162983.0,16,Entertainment,0,6
1876,Male,30,94480.0,1,Executive,0,4
1877,Female,69,168710.0,80,Doctor,1,4
1879,Female,71,91823.0,74,Artist,1,4
1880,Female,24,173091.0,24,Entertainment,6,2
1881,Male,57,102692.0,94,Healthcare,0,2
1882,Male,97,156812.0,77,Healthcare,0,6
1883,Male,68,51468.0,48,Artist,0,3
1886,Male,68,129971.0,61,Artist,8,3
1887,Female,69,104160.0,77,Engineer,4,4
1888,Female,77,124995.0,66,Healthcare,0,1
1889,Female,73,180437.0,50,Entertainment,1,5
1890,Female,19,134644.0,96,Executive,1,2
1892,Male,71,149318.0,27,Artist,4,1
1894,Female,68,173047.0,17,Healthcare,0,3
1895,Female,39,61298.0,91,Artist,0,5
1896,Male,75,132993.0,55,Entertainment,8,2
1897,Female,65,72313.0,36,Lawyer,1,5
1898,Female,30,84885.0,9,Entertainment,6,5
1899,Male,46,126228.0,95,Marketing,8,2
1900,Male,40,51199.0,29,Executive,7,7
1901,Female,40,54631.0,70,Artist,0,6
1902,Female,20,131810.0,16,Healthcare,5,7
1903,Male,88,138482.0,59,Marketing,8,4
1904,Male,85,74081.0,87,Healthcare,4,3
1905,Male,94,112426.0,54,Engineer,9,6
1907,Female,68,53552.0,97,Marketing,7,6
1910,Male,59,149067.0,78,Doctor,9,7
1911,Male,32,184408.0,38,Entertainment,6,7
1913,Female,92,174786.0,94,Executive,4,3
1915,Female,41,56837.0,4,Healthcare,8,4
1916,Female,18,134752.0,47,Engineer,6,5
1917,Female,78,112887.0,80,Entertainment,9,6
1918,Female,49,73128.0,74,Artist,7,5
1920,Female,36,140637.0,19,Executive,8,7
1921,Male,46,137973.0,50,Healthcare,7,7
1922,Female,95,126791.0,34,Artist,6,4
1923,Female,97,75125.0,89,Executive,8,3
1925,Female,94,69654.0,30,Homemaker,4,4
1926,Female,47,105935.0,46,Doctor,4,5
1928,Male,77,151985.0,29,Healthcare,4,7
1929,Male,70,76892.0,64,Executive,5,2
1930,Male,58,87602.0,25,Executive,5,3
1931,Male,72,182317.0,46,Healthcare,8,6
1932,Male,90,158280.0,92,Executive,6,7
1934,Female,87,128153.0,42,Artist,7,6
1935,Male,64,142612.0,58,Doctor,4,6
1938,Male,54,166183.0,65,Artist,7,6
1939,Male,76,132537.0,44,Doctor,5,3
1940,Female,76,146308.0,49,Artist,5,1
1941,Female,52,63454.0,38,Artist,5,5
1942,Male,96,110519.0,6,Artist,9,4
1943,Female,55,66728.0,50,Healthcare,10,5
1944,Female,54,170638.0,64,Artist,4,5
1945,Male,19,129635.0,100,Artist,6,4
1946,Male,29,133587.0,74,Marketing,5,3
1947,Male,96,126225.0,47,Engineer,7,4
1948,Female,20,148776.0,21,Artist,8,5
1949,Female,91,142602.0,64,Lawyer,7,6
1950,Male,37,102413.0,38,Healthcare,5,5
1951,Male,42,68765.0,69,Entertainment,4,1
1953,Female,58,149237.0,80,Entertainment,8,6
1954,Female,42,184844.0,24,Entertainment,6,1
1955,Female,48,131656.0,45,Lawyer,9,6
1957,Male,59,101698.0,87,Artist,9,3
1958,Female,45,152560.0,32,Entertainment,9,2
1959,Male,73,142502.0,97,Doctor,5,1
1960,Female,85,155432.0,21,Engineer,4,6
1961,Female,70,108544.0,49,Entertainment,4,5
1962,Female,52,106530.0,46,Engineer,7,2
1963,Male,70,124359.0,51,Homemaker,7,7
1964,Female,88,146970.0,90,Artist,7,6
1965,Male,61,182176.0,96,Artist,9,5
1966,Female,46,114435.0,34,Artist,8,3
1967,Male,65,134213.0,32,Homemaker,8,4
1968,Female,84,115580.0,73,Entertainment,8,5
1969,Female,76,124034.0,88,Executive,10,2
1970,Male,31,67894.0,42,Doctor,9,1
1971,Male,55,107099.0,89,Executive,4,6
1972,Male,45,140263.0,88,Entertainment,10,5
1973,Male,98,104249.0,12,Engineer,5,2
1974,Male,40,168821.0,36,Executive,4,5
1976,Female,41,128960.0,43,Executive,9,4
1977,Male,60,127438.0,82,Engineer,7,2
1978,Male,60,125968.0,100,Lawyer,8,2
1979,Male,84,104589.0,85,Artist,10,2
1980,Male,47,165321.0,93,Doctor,8,1
1982,Female,62,149797.0,19,Artist,5,6
1983,Male,33,137094.0,68,Lawyer,4,1
1984,Female,52,55395.0,41,Marketing,10,1
1986,Male,27,74050.0,44,Entertainment,8,1
1988,Male,63,59244.0,80,Artist,7,1
1989,Female,54,118944.0,77,Artist,4,4
1990,Female,47,75293.0,55,Doctor,6,7
1991,Female,30,166983.0,69,Artist,7,3
1992,Female,97,129444.0,96,Entertainment,5,6
1993,Male,94,181183.0,24,Marketing,9,3
1994,Female,64,175254.0,100,Artist,9,5
1995,Female,19,54121.0,89,Engineer,6,3
1996,Female,71,184387.0,40,Artist,8,7
1997,Female,91,73158.0,32,Doctor,7,7
1998,Male,87,90961.0,14,Healthcare,9,2
1999,Male,77,182109.0,4,Executive,7,2
2000,Male,90,110610.0,52,Entertainment,5,2
2001,Male,19,41048.0,32,Entertainment,4,6
2002,Male,61,76482.0,12,Homemaker,1,1
2003,Male,31,35495.0,65,Healthcare,6,6
2004,Female,32,63878.0,76,Artist,0,2
2005,Female,39,41421.0,20,Entertainment,10,1
2006,Male,42,17676.0,46,Doctor,8,1
2007,Female,52,21361.0,49,Engineer,9,6
2008,Female,54,30203.0,91,Engineer,1,6
2009,Male,67,42930.0,11,Entertainment,3,4
2010,Female,47,88320.0,47,Lawyer,11,3
2011,Male,60,39993.0,90,Engineer,5,5
2012,Male,28,65589.0,49,Artist,7,6
2013,Female,67,12331.0,30,Healthcare,10,4
2014,Female,22,32653.0,73,Doctor,6,6
2015,Female,43,89259.0,59,Lawyer,8,2
2016,Male,65,78579.0,69,Artist,13,5
2017,Female,41,33746.0,18,Executive,2,1
2018,Male,27,87240.0,21,Homemaker,2,4
2019,Female,56,66348.0,68,Artist,0,6
2020,Male,61,75381.0,97,Artist,10,1
2021,Female,45,25730.0,59,Healthcare,8,5
2022,Male,50,18947.0,81,Artist,6,2
2023,Female,66,26174.0,70,Healthcare,10,4
2024,Male,25,52576.0,40,Entertainment,1,2
2025,Male,23,68699.0,9,Lawyer,4,6
2026,Female,53,26643.0,34,Homemaker,6,5
2027,Male,63,45857.0,52,Doctor,14,5
2028,Female,25,37493.0,29,Engineer,10,1
2029,Male,55,33864.0,1,Engineer,1,2
2030,Male,20,48309.0,10,Entertainment,8,6
2031,Female,31,75678.0,17,Executive,7,4
2032,Female,30,17363.0,13,Homemaker,11,4
2033,Female,47,12100.0,87,Engineer,1,4
2034,Female,69,19322.0,32,Entertainment,6,5
2035,Female,26,60296.0,24,Artist,14,2
2036,Male,46,77132.0,13,Healthcare,0,1
2037,Male,28,58269.0,63,Executive,6,4
2038,Male,28,54672.0,1,Homemaker,8,4
2039,Female,45,96303.0,94,Executive,4,2
2040,Female,31,12665.0,75,Healthcare,10,1
2041,Male,55,67493.0,65,Lawyer,1,5
2042,Male,29,13981.0,77,Engineer,7,4
2043,Male,54,37271.0,75,Healthcare,2,4
2044,Female,34,31772.0,86,Doctor,7,3
2045,Female,26,93039.0,83,Artist,14,3
2046,Male,18,65068.0,80,Engineer,2,5
2047,Male,50,39760.0,17,Doctor,2,2
2048,Female,36,25676.0,57,Artist,0,6
2049,Female,60,18577.0,18,Artist,3,1
2050,Male,35,41930.0,78,Entertainment,10,2
2051,Female,50,69032.0,33,Healthcare,2,6
2052,Female,35,10778.0,1,Doctor,4,6
2053,Female,28,62912.0,71,Homemaker,0,1
2054,Male,62,24536.0,70,Healthcare,11,5
2055,Male,45,21704.0,6,Artist,11,1
2056,Female,31,94399.0,32,Engineer,11,5
2057,Female,57,25257.0,31,Lawyer,5,4
2058,Male,29,48540.0,53,Entertainment,8,2
2059,Male,42,10075.0,61,Entertainment,6,4
2060,Female,37,34831.0,29,Healthcare,6,4
2061,Female,35,14099.0,99,Artist,11,6
2062,Female,61,75282.0,43,Healthcare,3,3
2063,Male,55,39795.0,5,Engineer,13,3
2064,Female,45,84457.0,66,Engineer,12,5
2065,Male,34,10817.0,91,Homemaker,0,5
2066,Male,41,61531.0,9,Doctor,10,6
2067,Male,64,44363.0,65,Artist,13,3
2068,Female,62,43752.0,71,Lawyer,6,4
2069,Female,61,27810.0,79,Artist,12,5
2070,Male,37,42606.0,27,Homemaker,10,4
2071,Female,46,93555.0,28,Executive,5,6
2072,Male,36,72561.0,85,Doctor,2,2
2073,Female,32,31100.0,19,Healthcare,1,2
2074,Female,57,14545.0,59,Homemaker,6,6
2075,Female,49,57383.0,32,Lawyer,0,1
2076,Female,32,28053.0,90,Executive,1,5
2077,Male,25,64829.0,18,Executive,10,4
2078,Female,53,63446.0,21,Executive,14,3
2079,Male,58,41347.0,99,Executive,7,3
2080,Female,22,98525.0,37,Entertainment,8,3
2081,Female,52,15561.0,18,Lawyer,7,4
2082,Male,63,33043.0,9,Homemaker,13,3
2083,Female,44,13161.0,27,Homemaker,12,5
2084,Male,66,80456.0,49,Executive,0,3
2085,Female,66,56116.0,54,Entertainment,15,2
2086,Female,45,68654.0,4,Homemaker,10,6
2087,Female,64,26632.0,60,Lawyer,0,4
2088,Male,23,89246.0,55,Lawyer,14,2
2089,Male,34,54689.0,42,Entertainment,14,3
2090,Female,66,54692.0,36,Homemaker,8,1
2091,Female,19,75702.0,7,Doctor,7,6
2092,Male,67,90426.0,6,Healthcare,7,2
2093,Male,57,24973.0,31,Lawyer,15,6
2094,Male,54,33569.0,60,Artist,11,2
2095,Male,67,26465.0,40,Engineer,0,3
2096,Female,43,98718.0,26,Engineer,7,1
2097,Female,61,83697.0,16,Healthcare,11,5
2098,Female,60,53571.0,9,Doctor,0,4
2099,Female,24,61822.0,47,Executive,4,4
2100,Male,64,73386.0,84,Artist,15,4
2101,Female,70,82656.0,35,Doctor,7,1
2102,Female,46,36963.0,97,Executive,12,3
2103,Male,49,47600.0,24,Executive,6,3
2104,Female,39,41655.0,77,Artist,0,5
2105,Male,23,36635.0,93,Homemaker,15,5
2106,Male,62,67402.0,83,Executive,14,1
2107,Male,36,34045.0,52,Entertainment,9,6
2108,Female,48,77544.0,68,Doctor,13,6
2109,Female,40,97124.0,59,Artist,9,3
2110,Male,25,99540.0,25,Doctor,3,6
2111,Male,30,33361.0,95,Executive,8,6
2112,Female,24,30443.0,38,Entertainment,11,2
2113,Female,18,97801.0,69,Lawyer,8,1
2114,Male,53,43290.0,90,Lawyer,15,1
2115,Male,54,42268.0,61,Executive,14,3
2116,Male,21,38092.0,62,Engineer,2,4
2117,Female,22,80631.0,81,Healthcare,4,2
2118,Female,23,37530.0,16,Homemaker,7,5
2119,Female,46,63028.0,39,Homemaker,9,5
2120,Male,57,18006.0,98,Entertainment,6,3
2121,Male,28,36439.0,23,Engineer,5,1
2122,Female,46,95357.0,77,Executive,9,1
2123,Male,36,97662.0,37,Executive,2,6
2124,Male,34,86927.0,76,Entertainment,13,1
2125,Male,59,24528.0,35,Lawyer,2,1
2126,Male,68,45319.0,77,Artist,14,1
2127,Female,62,44857.0,90,Homemaker,8,5
2128,Female,46,15543.0,77,Healthcare,13,6
2129,Female,56,37816.0,4,Engineer,7,6
2130,Male,66,93117.0,35,Healthcare,5,4
2131,Female,35,28788.0,75,Homemaker,15,1
2132,Female,40,58523.0,43,Doctor,3,2
2133,Female,44,95921.0,64,Artist,12,5
2134,Male,47,16542.0,41,Artist,10,1
2135,Female,50,5150.0,85,Executive,13,1
2136,Male,51,52419.0,80,Executive,14,1
2137,Male,35,76987.0,17,Artist,14,6
2138,Female,25,8783.0,81,Entertainment,5,3
2139,Male,53,58476.0,12,Entertainment,3,4
2140,Male,59,25181.0,64,Artist,8,4
2141,Female,48,36946.0,59,Lawyer,12,2
2142,Male,22,41208.0,99,Homemaker,10,5
2143,Female,70,5336.0,37,Artist,15,2
2144,Female,52,68483.0,45,Doctor,12,4
2145,Female,30,96422.0,31,Homemaker,7,4
2146,Male,38,66993.0,91,Homemaker,12,6
2147,Male,49,9852.0,17,Doctor,3,4
2148,Male,51,64890.0,2,Lawyer,13,6
2149,Male,22,66537.0,34,Doctor,12,6
2150,Male,39,93389.0,69,Homemaker,10,6
2151,Female,52,9705.0,80,Engineer,7,6
2152,Female,32,16846.0,56,Engineer,3,4
2153,Male,62,44251.0,4,Healthcare,10,1
2154,Female,40,54131.0,56,Lawyer,7,5
2155,Female,54,94364.0,24,Lawyer,5,1
2156,Female,57,94539.0,31,Executive,4,2
2157,Female,58,38289.0,59,Artist,0,4
2158,Female,61,76643.0,21,Engineer,14,3
2159,Female,58,60615.0,89,Artist,14,3
2160,Male,42,68335.0,14,Entertainment,12,5
2161,Female,54,43780.0,90,Artist,0,6
2162,Female,35,6061.0,73,Healthcare,15,3
2163,Male,56,51179.0,29,Entertainment,8,6
2164,Male,58,17735.0,81,Healthcare,9,4
2165,Male,55,52823.0,94,Lawyer,2,3
2166,Female,65,59460.0,23,Entertainment,4,5
2167,Female,51,70771.0,35,Lawyer,8,4
2168,Female,65,49396.0,15,Executive,2,2
2169,Male,61,99924.0,87,Homemaker,11,1
2170,Female,18,39663.0,69,Engineer,14,3
2171,Female,55,54941.0,82,Doctor,3,6
2172,Male,48,8280.0,80,Doctor,7,6
2173,Male,58,65852.0,90,Artist,13,1
2174,Male,20,9877.0,39,Executive,3,1
2175,Male,52,22781.0,50,Executive,11,6
2176,Female,55,25253.0,54,Engineer,15,5
2177,Female,35,9288.0,89,Doctor,6,4
2178,Female,33,52537.0,13,Doctor,11,1
2179,Female,35,29878.0,16,Executive,2,6
2180,Male,59,88819.0,77,Healthcare,1,3
2181,Male,26,79000.0,27,Engineer,6,5
2182,Male,70,35539.0,43,Lawyer,0,3
2183,Male,26,75807.0,33,Lawyer,3,6
2184,Male,26,6947.0,46,Entertainment,10,1
2185,Male,34,11868.0,17,Homemaker,3,6
2186,Male,48,63756.0,100,Doctor,3,4
2187,Male,57,10683.0,94,Artist,14,6
2188,Male,21,67781.0,52,Homemaker,3,4
2189,Female,22,15589.0,42,Lawyer,2,2
2190,Female,57,87978.0,75,Doctor,12,5
2191,Female,47,71263.0,78,Homemaker,3,6
2192,Male,59,90316.0,99,Entertainment,13,4
2193,Male,44,49424.0,59,Homemaker,13,6
2194,Male,38,60936.0,41,Artist,11,2
2195,Female,22,16957.0,11,Engineer,13,1
2196,Female,69,22054.0,72,Healthcare,10,6
2197,Male,44,51346.0,86,Homemaker,1,3
2198,Female,40,18579.0,74,Entertainment,4,6
2199,Female,32,19184.0,45,Doctor,3,3
2200,Male,69,61244.0,72,Healthcare,8,1
2201,Male,35,97104.0,98,Artist,10,3
2202,Male,29,23776.0,73,Homemaker,2,2
2203,Male,23,74531.0,28,Homemaker,13,4
2204,Female,28,53503.0,40,Doctor,2,1
2205,Male,28,85981.0,7,Engineer,8,4
2206,Female,49,84570.0,57,Homemaker,8,2
2207,Male,40,61349.0,15,Artist,15,5
2208,Female,20,33903.0,51,Healthcare,0,2
2209,Female,31,22987.0,98,Artist,9,3
2210,Male,18,70193.0,96,Homemaker,5,2
2211,Female,52,97231.0,30,Doctor,2,4
2212,Male,45,7456.0,59,Engineer,10,5
2213,Female,54,58008.0,91,Homemaker,9,1
2214,Female,19,47568.0,22,Executive,11,1
2215,Female,24,36891.0,56,Homemaker,2,4
2216,Female,65,49500.0,29,Doctor,5,1
2217,Male,51,71840.0,25,Doctor,11,6
2218,Male,33,18474.0,19,Artist,6,2
2219,Male,66,90918.0,10,Lawyer,15,4
2220,Female,61,78989.0,83,Doctor,10,2
2221,Female,22,66462.0,57,Artist,8,5
2222,Male,40,71497.0,10,Artist,14,4
2223,Male,21,53331.0,37,Engineer,2,5
2224,Female,47,81064.0,71,Healthcare,14,5
2225,Male,38,84299.0,61,Lawyer,1,4
2226,Male,69,50015.0,92,Engineer,5,1
2227,Male,63,62377.0,57,Lawyer,11,3
2228,Female,42,58578.0,100,Doctor,1,6
2229,Female,22,48213.0,13,Homemaker,9,3
2230,Male,39,15682.0,75,Lawyer,11,3
2231,Female,26,82993.0,91,Engineer,9,5
2232,Female,59,48054.0,17,Engineer,13,5
2233,Female,19,52526.0,40,Lawyer,6,3
2234,Female,30,34693.0,18,Lawyer,2,3
2235,Male,50,75748.0,95,Healthcare,10,5
2236,Male,56,54377.0,20,Lawyer,5,6
2237,Male,64,62366.0,6,Homemaker,11,6
2238,Male,46,85031.0,37,Executive,7,5
2239,Male,37,66474.0,25,Doctor,14,4
2240,Female,67,55052.0,65,Homemaker,5,2
2241,Male,34,11839.0,83,Executive,11,5
2242,Male,63,72621.0,16,Artist,2,2
2243,Female,46,72286.0,19,Homemaker,2,2
2244,Female,40,8495.0,54,Healthcare,12,5
2245,Female,33,55615.0,11,Doctor,7,1
2246,Female,24,98677.0,84,Doctor,4,2
2247,Male,36,66925.0,90,Lawyer,15,4
2248,Male,23,7490.0,33,Entertainment,4,5
2249,Female,25,42762.0,31,Artist,3,1
2250,Male,44,88748.0,80,Executive,2,1
2251,Female,56,75261.0,3,Entertainment,4,3
2252,Female,18,85584.0,46,Entertainment,13,2
2253,Male,51,52265.0,9,Healthcare,12,4
2254,Male,58,55709.0,48,Artist,0,3
2255,Male,40,36604.0,94,Engineer,10,2
2256,Male,40,76567.0,44,Lawyer,14,6
2257,Female,58,28891.0,18,Engineer,14,1
2258,Female,30,10741.0,26,Healthcare,10,3
2259,Female,70,76176.0,61,Artist,1,6
2260,Male,36,51789.0,100,Healthcare,10,3
2261,Male,69,53237.0,56,Homemaker,14,4
2262,Female,29,70038.0,89,Executive,11,5
2263,Female,69,15828.0,94,Homemaker,2,4
2264,Male,52,43504.0,42,Engineer,2,3
2265,Female,37,63447.0,78,Homemaker,5,6
2266,Female,40,63606.0,6,Doctor,13,3
2267,Male,22,92973.0,82,Homemaker,11,5
2268,Male,19,23714.0,78,Executive,1,2
2269,Male,33,89562.0,47,Doctor,12,5
2270,Male,56,25111.0,87,Executive,11,3
2271,Female,66,15077.0,74,Lawyer,11,4
2272,Female,59,41528.0,32,Engineer,0,6
2273,Male,49,72861.0,50,Engineer,8,3
2274,Female,31,85199.0,37,Executive,6,1
2275,Male,22,64250.0,23,Executive,2,6
2276,Female,60,50537.0,91,Engineer,9,3
2277,Male,63,98003.0,90,Lawyer,11,5
2278,Male,25,31342.0,18,Entertainment,15,1
2279,Female,53,80009.0,48,Executive,4,5
2280,Male,22,45539.0,51,Executive,13,4
2281,Male,26,46553.0,83,Engineer,14,4
2282,Female,26,77260.0,82,Lawyer,4,4
2283,Male,25,72908.0,20,Artist,5,2
2284,Female,63,34552.0,45,Artist,2,3
2285,Male,58,77199.0,36,Lawyer,9,5
2286,Male,50,89015.0,22,Lawyer,5,6
2287,Female,54,10399.0,4,Engineer,1,6
2288,Female,59,32631.0,99,Homemaker,0,4
2289,Female,59,44596.0,62,Entertainment,12,3
2290,Female,22,95257.0,8,Lawyer,14,4
2291,Female,47,31741.0,44,Lawyer,10,6
2292,Female,64,50268.0,52,Lawyer,11,5
2293,Male,38,36685.0,60,Engineer,8,4
2294,Male,27,17689.0,7,Artist,12,5
2295,Female,33,25932.0,42,Doctor,6,2
2296,Female,50,66186.0,64,Artist,15,1
2297,Male,43,71249.0,59,Entertainment,6,5
2298,Female,21,11624.0,37,Executive,15,3
2299,Male,24,61482.0,18,Artist,11,4
2300,Female,20,57505.0,7,Entertainment,11,5
2301,Female,22,55639.0,65,Executive,8,5
2302,Male,26,17672.0,51,Doctor,10,5
2303,Female,66,23909.0,26,Homemaker,1,1
2304,Male,26,98531.0,43,Executive,14,2
2305,Male,38,85356.0,41,Lawyer,12,5
2306,Female,55,49089.0,65,Executive,9,4
2307,Male,41,48416.0,87,Engineer,13,5
2308,Female,68,95183.0,81,Healthcare,15,3
2309,Male,64,11731.0,75,Executive,5,5
2310,Female,27,94224.0,32,Healthcare,3,2
2311,Male,46,46116.0,54,Lawyer,13,6
2312,Male,44,70774.0,100,Executive,1,6
2313,Male,51,32176.0,72,Doctor,15,5
2314,Female,38,27699.0,59,Doctor,11,6
2315,Female,57,68462.0,25,Entertainment,8,5
2316,Female,32,44008.0,99,Artist,6,6
2317,Female,38,67888.0,45,Artist,9,1
2318,Female,43,50237.0,99,Lawyer,9,1
2319,Female,63,15358.0,45,Executive,8,6
2320,Female,31,31485.0,69,Artist,8,2
2321,Male,57,81917.0,31,Entertainment,1,6
2322,Male,58,35518.0,7,Engineer,13,3
2323,Female,24,94285.0,99,Lawyer,0,5
2324,Male,44,90575.0,61,Executive,6,3
2325,Female,36,89659.0,8,Engineer,7,5
2326,Male,29,59773.0,23,Healthcare,12,4
2327,Male,65,42941.0,5,Healthcare,9,5
2328,Male,39,42298.0,59,Executive,4,5
2329,Female,35,30272.0,15,Doctor,5,6
2330,Female,59,38720.0,92,Lawyer,0,6
2331,Female,68,43669.0,73,Entertainment,5,5
2332,Female,70,61059.0,66,Doctor,2,4
2333,Male,29,23430.0,62,Doctor,7,1
2334,Female,42,35870.0,58,Artist,10,3
2335,Male,34,90679.0,47,Entertainment,1,6
2336,Male,47,45213.0,21,Homemaker,9,6
2337,Male,58,43671.0,48,Entertainment,7,2
2338,Female,27,64634.0,96,Doctor,13,6
2339,Female,66,75453.0,86,Entertainment,7,6
2340,Male,51,63556.0,68,Doctor,2,5
2341,Male,21,76781.0,65,Entertainment,4,2
2342,Female,51,62912.0,15,Entertainment,15,1
2343,Female,69,12292.0,59,Lawyer,13,4
2344,Male,53,65604.0,87,Artist,0,4
2345,Female,70,5395.0,96,Entertainment,2,1
2346,Female,40,96800.0,9,Healthcare,2,4
2347,Male,36,58591.0,24,Lawyer,13,3
2348,Female,46,54479.0,49,Engineer,4,6
2349,Female,25,28392.0,69,Homemaker,4,6
2350,Male,18,7979.0,39,Executive,13,5
2351,Female,70,35102.0,32,Executive,11,2
2352,Female,30,19790.0,5,Homemaker,0,2
2353,Male,22,18224.0,77,Healthcare,14,5
2354,Male,33,10798.0,52,Executive,7,5
2355,Male,66,12398.0,18,Artist,7,6
2356,Female,54,83370.0,99,Doctor,7,3
2357,Male,60,73321.0,29,Homemaker,9,3
2358,Male,53,82550.0,95,Lawyer,13,5
2359,Female,21,50143.0,83,Homemaker,10,6
2360,Female,44,24558.0,39,Homemaker,5,5
2361,Female,33,34536.0,39,Lawyer,14,1
2362,Female,44,78044.0,68,Lawyer,12,2
2363,Female,31,48288.0,83,Engineer,14,3
2364,Male,52,99972.0,25,Healthcare,8,4
2365,Male,22,29662.0,98,Entertainment,15,2
2366,Female,37,7009.0,28,Entertainment,3,6
2367,Female,33,96177.0,78,Entertainment,12,2
2368,Female,67,42101.0,49,Executive,11,3
2369,Female,41,72215.0,64,Executive,3,6
2370,Female,66,46973.0,27,Doctor,10,4
2371,Male,54,34002.0,95,Lawyer,0,3
2372,Female,36,24976.0,26,Doctor,7,4
2373,Male,49,77173.0,84,Doctor,8,4
2374,Female,47,27050.0,94,Doctor,5,2
2375,Female,29,76058.0,83,Healthcare,1,1
2376,Male,66,5836.0,53,Lawyer,7,1
2377,Male,18,33668.0,65,Executive,11,1
2378,Female,60,68944.0,3,Healthcare,13,1
2379,Male,51,99659.0,36,Artist,0,5
2380,Female,69,28496.0,14,Engineer,4,2
2381,Male,57,74003.0,33,Doctor,8,4
2382,Male,41,58218.0,59,Entertainment,7,3
2383,Male,59,90182.0,98,Healthcare,2,4
2384,Female,42,77443.0,61,Healthcare,0,6
2385,Male,23,70517.0,56,Doctor,3,5
2386,Male,32,32710.0,89,Executive,8,1
2387,Male,61,41749.0,70,Healthcare,5,3
2388,Male,31,81943.0,19,Homemaker,2,3
2389,Male,54,36519.0,73,Homemaker,10,4
2390,Male,68,95349.0,93,Engineer,11,1
2391,Male,45,35427.0,10,Doctor,12,3
2392,Male,58,40825.0,58,Executive,7,3
2393,Female,45,29345.0,88,Homemaker,2,5
2394,Female,69,37302.0,92,Engineer,2,3
2395,Male,42,98280.0,82,Lawyer,12,3
2396,Female,24,16995.0,1,Artist,14,3
2397,Female,24,22367.0,12,Lawyer,13,4
2398,Female,24,8442.0,12,Doctor,2,5
2399,Female,42,6617.0,38,Homemaker,12,1
2400,Male,54,73302.0,22,Homemaker,5,2
2401,Female,37,40180.0,64,Lawyer,2,2
2402,Female,35,60194.0,39,Executive,2,3
2403,Female,33,99489.0,81,Executive,6,4
2404,Male,26,44932.0,1,Homemaker,10,5
2405,Female,69,48193.0,57,Doctor,13,6
2406,Male,37,47030.0,78,Entertainment,15,3
2407,Male,43,46830.0,38,Executive,7,3
2408,Female,35,56502.0,47,Engineer,6,5
2409,Male,61,77102.0,4,Executive,6,4
2410,Female,62,14064.0,53,Executive,4,6
2411,Female,33,38119.0,85,Lawyer,13,4
2412,Male,46,83372.0,62,Homemaker,13,5
2413,Male,68,52124.0,90,Engineer,3,2
2414,Female,28,89803.0,79,Healthcare,12,3
2415,Female,24,6382.0,13,Artist,7,5
2416,Male,46,54036.0,51,Executive,4,3
2417,Male,48,18703.0,38,Homemaker,2,1
2418,Male,40,45880.0,44,Executive,6,5
2419,Female,40,67411.0,13,Executive,14,3
2420,Male,37,10856.0,91,Engineer,0,3
2421,Male,61,26542.0,95,Entertainment,5,5
2422,Male,39,78380.0,55,Executive,7,4
2423,Male,29,88948.0,85,Homemaker,12,1
2424,Male,46,82621.0,55,Homemaker,0,6
2425,Male,31,41483.0,97,Engineer,3,5
2426,Male,41,47727.0,26,Executive,3,3
2427,Female,51,88769.0,41,Homemaker,12,5
2428,Male,40,51135.0,59,Lawyer,9,5
2429,Male,61,22556.0,41,Engineer,7,3
2430,Male,29,53929.0,89,Lawyer,12,4
2431,Male,54,55293.0,55,Lawyer,15,6
2432,Male,53,26871.0,63,Artist,4,2
2433,Female,46,86187.0,7,Doctor,0,4
2434,Male,30,55324.0,72,Executive,13,6
2435,Female,44,98079.0,57,Executive,5,1
2436,Male,68,33905.0,38,Healthcare,8,2
2437,Female,28,64942.0,73,Executive,3,5
2438,Male,35,76186.0,47,Healthcare,14,5
2439,Male,45,18423.0,95,Entertainment,9,1
2440,Female,34,50688.0,12,Executive,3,2
2441,Male,69,82060.0,89,Doctor,13,2
2442,Male,68,32082.0,27,Healthcare,11,5
2443,Female,56,75617.0,22,Doctor,9,3
2444,Female,50,94037.0,13,Lawyer,13,1
2445,Female,59,21631.0,90,Lawyer,7,2
2446,Female,33,93635.0,51,Executive,4,5
2447,Female,58,59293.0,49,Executive,2,6
2448,Male,43,72582.0,96,Artist,11,4
2449,Female,38,81278.0,1,Engineer,14,6
2450,Female,22,75048.0,51,Entertainment,13,2
2451,Female,35,47318.0,37,Doctor,4,5
2452,Female,68,50054.0,88,Healthcare,1,1
2453,Female,19,21284.0,21,Executive,14,1
2454,Female,30,95255.0,17,Artist,5,3
2455,Male,59,52242.0,33,Engineer,11,6
2456,Male,21,56949.0,81,Artist,7,4
2457,Male,63,17475.0,1,Entertainment,15,1
2458,Male,55,34647.0,67,Executive,0,1
2459,Female,70,20806.0,55,Lawyer,15,1
2460,Male,42,16708.0,94,Engineer,3,3
2461,Female,37,22973.0,49,Lawyer,4,1
2462,Male,57,90199.0,22,Executive,11,6
2463,Male,58,24840.0,53,Executive,6,1
2464,Male,26,21142.0,76,Homemaker,11,4
2465,Female,68,23327.0,32,Artist,2,2
2466,Female,67,95502.0,4,Artist,6,5
2467,Male,65,56347.0,38,Healthcare,7,4
2468,Female,25,36599.0,64,Engineer,0,3
2469,Female,26,55703.0,73,Homemaker,11,5
2470,Male,66,66736.0,99,Engineer,0,5
2471,Male,18,39365.0,28,Healthcare,1,4
2472,Female,58,98405.0,65,Homemaker,13,6
2473,Female,23,88956.0,69,Lawyer,8,1
2474,Female,23,72017.0,27,Lawyer,10,4
2475,Male,37,96576.0,56,Entertainment,1,2
2476,Male,45,20202.0,59,Healthcare,9,6
2477,Male,25,6660.0,91,Lawyer,0,2
2478,Female,40,73551.0,67,Artist,5,3
2479,Male,65,40227.0,94,Engineer,0,3
2480,Female,35,73662.0,9,Artist,2,4
2481,Female,50,52202.0,8,Executive,5,3
2482,Male,34,18487.0,74,Engineer,7,6
2483,Male,20,6610.0,32,Healthcare,15,3
2484,Female,27,28456.0,5,Homemaker,7,3
2485,Male,44,99409.0,41,Artist,2,5
2486,Female,25,70803.0,87,Healthcare,5,2
2487,Male,43,14034.0,60,Artist,9,3
2488,Male,53,64866.0,2,Doctor,6,3
2489,Female,65,86620.0,32,Executive,11,5
2490,Female,67,30614.0,94,Entertainment,4,1
2491,Female,19,35539.0,70,Doctor,0,3
2492,Male,66,91154.0,49,Artist,3,2
2493,Male,44,69491.0,8,Lawyer,8,1
2494,Male,32,73125.0,53,Doctor,14,6
2495,Male,55,17527.0,65,Lawyer,12,1
2496,Male,45,91827.0,17,Entertainment,9,3
2497,Female,69,56505.0,90,Doctor,10,4
2498,Female,32,14789.0,26,Lawyer,3,2
2499,Male,28,63925.0,60,Doctor,13,1
2500,Female,67,32215.0,58,Artist,14,3
